<?xml version="1.0" encoding="UTF-8"?>

<CodeSystem xmlns="http://hl7.org/fhir">
  <id value="iop-methods"/>
  <text>
    <status value="generated"/><div xmlns="http://www.w3.org/1999/xhtml"><p class="res-header-id"><b>Generated Narrative: CodeSystem iop-methods</b></p><a name="iop-methods"> </a><a name="hciop-methods"> </a><p>This case-sensitive code system <code>https://eyematics.org/fhir/eyematics-kds/CodeSystem/iop-methods</code> defines the following codes:</p><table class="codes"><tr><td style="white-space:nowrap"><b>Code</b></td><td><b>Display</b></td><td><b>Definition</b></td></tr><tr><td style="white-space:nowrap">rebound-tonometry<a name="iop-methods-rebound-tonometry"> </a></td><td>Rebound tonometry</td><td>Rebound tonometry</td></tr><tr><td style="white-space:nowrap">rebound-tonometry-remote<a name="iop-methods-rebound-tonometry-remote"> </a></td><td>Rebound tonometry remote</td><td>Rebound tonometry remote</td></tr><tr><td style="white-space:nowrap">contact-lens-tonometry<a name="iop-methods-contact-lens-tonometry"> </a></td><td>Contact lens tonometry</td><td>Contact lens tonometry</td></tr></table></div>
  </text>
  <url value="https://eyematics.org/fhir/eyematics-kds/CodeSystem/iop-methods"/>
  <version value="2025.0.0-alpha"/>
  <name value="IOPMethods"/>
  <title value="IOP Methods Code System"/>
  <status value="draft"/>
  <date value="2025-02-06"/>
  <publisher value="Medizininformatik-Initiative"/>
  <contact>
    <name value="Medizininformatik-Initiative"/>
    <telecom>
      <system value="url"/>
      <value value="https://www.medizininformatik-initiative.de"/>
    </telecom>
  </contact>
  <description value="IOP additional method types"/>
  <jurisdiction>
    <coding>
      <system value="http://unstats.un.org/unsd/methods/m49/m49.htm"/>
      <code value="276"/>
    </coding>
  </jurisdiction>
  <copyright value="MII"/>
  <caseSensitive value="true"/>
  <compositional value="false"/>
  <versionNeeded value="true"/>
  <content value="complete"/>
  <count value="3"/>
  <concept>
    <code value="rebound-tonometry"/>
    <display value="Rebound tonometry"/>
    <definition value="Rebound tonometry"/>
  </concept>
  <concept>
    <code value="rebound-tonometry-remote"/>
    <display value="Rebound tonometry remote"/>
    <definition value="Rebound tonometry remote"/>
  </concept>
  <concept>
    <code value="contact-lens-tonometry"/>
    <display value="Contact lens tonometry"/>
    <definition value="Contact lens tonometry"/>
  </concept>
</CodeSystem>