{
  "resourceType" : "CodeSystem",
  "id" : "oct-binary-biomarker",
  "text" : {
    "status" : "generated",
    "div" : "<div xmlns=\"http://www.w3.org/1999/xhtml\"><p class=\"res-header-id\"><b>Generated Narrative: CodeSystem oct-binary-biomarker</b></p><a name=\"oct-binary-biomarker\"> </a><a name=\"hcoct-binary-biomarker\"> </a><p>This case-sensitive code system <code>https://eyematics.org/fhir/eyematics-kds/CodeSystem/oct-binary-biomarker</code> defines the following codes:</p><table class=\"codes\"><tr><td style=\"white-space:nowrap\"><b>Code</b></td><td><b>Display</b></td></tr><tr><td style=\"white-space:nowrap\">DRIL<a name=\"oct-binary-biomarker-DRIL\"> </a></td><td>Disorganization of Retinal Inner Layers</td></tr><tr><td style=\"white-space:nowrap\">HRF<a name=\"oct-binary-biomarker-HRF\"> </a></td><td>Hyperreflective Foci</td></tr><tr><td style=\"white-space:nowrap\">VMT<a name=\"oct-binary-biomarker-VMT\"> </a></td><td>Vitreomacular Traction</td></tr></table></div>"
  },
  "url" : "https://eyematics.org/fhir/eyematics-kds/CodeSystem/oct-binary-biomarker",
  "version" : "2025.0.0-alpha",
  "name" : "OCT_Binary_Biomarker",
  "title" : "OCT Binary Biomarker",
  "status" : "draft",
  "date" : "2025-10-10",
  "publisher" : "Medizininformatik-Initiative",
  "contact" : [{
    "name" : "Medizininformatik-Initiative",
    "telecom" : [{
      "system" : "url",
      "value" : "https://www.medizininformatik-initiative.de"
    }]
  }],
  "description" : "OCT Binary Biomarker that has no",
  "jurisdiction" : [{
    "coding" : [{
      "system" : "http://unstats.un.org/unsd/methods/m49/m49.htm",
      "code" : "276"
    }]
  }],
  "copyright" : "MII",
  "caseSensitive" : true,
  "compositional" : false,
  "versionNeeded" : true,
  "content" : "complete",
  "count" : 3,
  "concept" : [{
    "code" : "DRIL",
    "display" : "Disorganization of Retinal Inner Layers"
  },
  {
    "code" : "HRF",
    "display" : "Hyperreflective Foci"
  },
  {
    "code" : "VMT",
    "display" : "Vitreomacular Traction"
  }]
}