{
  "codeSystems" : [
    {
      "url" : "http://fhir.de/CodeSystem/bfarm/atc",
      "version" : null,
      "status" : "active",
      "name" : "Atc",
      "title" : "ATC",
      "description" : "ATC Platzhalter-CodeSystem",
      "uses" : {
      },
      "ValueSet-ivom-medication.html" : "IVOM Medication"
    },
    {
      "url" : "http://loinc.org",
      "version" : "3.1.0",
      "status" : "active",
      "name" : "LOINC",
      "title" : "Logical Observation Identifiers, Names and Codes (LOINC)",
      "description" : "LOINC provides a set of universal names and ID codes for identifying laboratory and clinical test results.1,2 LOINC facilitates the exchange and pooling of results, such as blood hemoglobin, serum potassium, or vital signs, for clinical care, outcomes management, and research. LOINC's universal identifiers (names and codes) can be used in the context of order and observation exchanges between information systems that use syntax standards such as HL73, CEN TC251, ISO TC215, ASTM4, and DICOM. Specifically, the identifier can be used as the coded value for an observation in any other standard that uses the observation/observation value paradigm, whether messages, documents, application programming interface (API), etc. For example, LOINC codes are used widely in the OBX segment Observation Identifier field (OBX-3) of an ORU HL7 (HL7 version 2.x or ASTM 1238-9410) message that may be sent between a Clinical Laboratory Information Management Systems (LIMS) and Electronic Health Record Systems (EHR).5, 6 In this way, LOINC codes provide universal identifiers that allow the exchange of clinical data between heterogeneous computing environments.",
      "oids" : ["2.16.840.1.113883.6.1"],
      "uses" : {
      },
      "ValueSet-va-categorial-values.html" : "Visual Acuity Categorial Values",
      "ValueSet-vs-rnfl-oct-thickness-map.html" : "Retinal nerve fiber layer OCT Thickness Map",
      "ValueSet-va-test-distance.html" : "Visual Acuity Test Distance",
      "ValueSet-vs-macular-oct-thickness-map.html" : "Macular OCT Thickness Map",
      "ValueSet-iop-code.html" : "IOP Code",
      "ValueSet-va-special-testing-parameters.html" : "Visual Acuity Special Testing Parameters",
      "ValueSet-va-optotypes.html" : "Visual Acuity Optotypes"
    },
    {
      "url" : "http://snomed.info/sct",
      "version" : null,
      "status" : "active",
      "name" : "SNOMED_CT",
      "title" : "SNOMED CT (all versions)",
      "description" : "SNOMED CT is the most comprehensive and precise clinical health terminology product in the world, owned and distributed around the world by The International Health Terminology Standards Development Organisation (IHTSDO).",
      "oids" : ["2.16.840.1.113883.6.96"],
      "uses" : {
      },
      "ValueSet-va-methods.html" : "VA Methods",
      "ValueSet-imaging-methods.html" : "Imaging Methods",
      "ValueSet-vs-normal-abnormal.html" : "Normal Abnormal",
      "ValueSet-va-correction-method.html" : "Visual Acuity Correction Methods",
      "ValueSet-vs-macular-edema-method.html" : "Method of finding a macular edema",
      "ValueSet-SUNFlare.html" : "SUN Flare",
      "ValueSet-Present-Absent.html" : "Present Absent",
      "ValueSet-va-optotypes.html" : "Visual Acuity Optotypes",
      "ValueSet-Performed-NotPerformed.html" : "Performed NotPerformed",
      "ValueSet-va-categorial-values.html" : "Visual Acuity Categorial Values",
      "ValueSet-va-code.html" : "Visual Acuity Code",
      "ValueSet-lens-types.html" : "VA Lens Types",
      "ValueSet-eye-laterality.html" : "Eye Laterality",
      "ValueSet-iop-methods.html" : "IOP Methods",
      "ValueSet-va-special-testing-parameters.html" : "Visual Acuity Special Testing Parameters",
      "ValueSet-Used-NotUsed.html" : "Used NotUsed"
    },
    {
      "url" : "http://standardterms.edqm.eu",
      "version" : "5 February 2025",
      "status" : "active",
      "name" : "EDQM_Standard_Terms",
      "title" : "EDQM Standard Terms",
      "description" : "Standard terms published by the European Directorate for the Quality of Medicines & HealthCare (EDQM) for pharmaceutical dose forms, routes and methods of administration, containers, closures, administration devices and units of presentation.",
      "oids" : ["0.4.0.127.0.16.1.1.2.1"],
      "uses" : {
      },
      "ValueSet-IVIMedicationForm.html" : "IVI Medication Form"
    },
    {
      "url" : "https://eyematics.org/fhir/eyematics-kds/CodeSystem/iop-methods",
      "version" : "2025.0.0-alpha",
      "status" : "draft",
      "name" : "IOPMethods",
      "title" : "IOP Methods Code System",
      "description" : "IOP additional method types",
      "uses" : {
      },
      "ValueSet-iop-methods.html" : "IOP Methods"
    },
    {
      "url" : "https://eyematics.org/fhir/eyematics-kds/CodeSystem/ivi-treatment-regimen",
      "version" : "2025.0.0-alpha",
      "status" : "draft",
      "name" : "IVI_TreatmentRegimen",
      "title" : "IVI Treatment Regimen",
      "description" : "IVI Treatment Regimen or Protocol",
      "uses" : {
      },
      "ValueSet-IVITeatmentRegimen.html" : "IVI Treatment Regimen"
    },
    {
      "url" : "https://eyematics.org/fhir/eyematics-kds/CodeSystem/sun-grades",
      "version" : "2025.0.0-alpha",
      "status" : "draft",
      "name" : "SUN_Grades",
      "title" : "SUN Grades",
      "description" : "Grades of the Standardization of uveitis nomenclature",
      "uses" : {
      },
      "ValueSet-SUNCells.html" : "SUN Cells"
    },
    {
      "url" : "https://eyematics.org/fhir/eyematics-kds/CodeSystem/va-optotypes",
      "version" : "2025.0.0-alpha",
      "status" : "draft",
      "name" : "VA_Optotypes",
      "title" : "Visual Acuity Optotypes",
      "description" : "A CodeSystem that includes codes representing optotype used during visual acuity testing, that are not covered by loinc or snomed",
      "uses" : {
      },
      "ValueSet-va-optotypes.html" : "Visual Acuity Optotypes"
    },
    {
      "url" : "https://eyematics.org/fhir/eyematics-kds/CodeSystem/vs-units",
      "version" : "2025.0.0-alpha",
      "status" : "draft",
      "name" : "VA_Units",
      "title" : "Visual Acuity Units",
      "description" : "Units for quantitive measurement",
      "uses" : {
      },
      "ValueSet-va-quantity-units.html" : "Visual Acuity Units"
    },
    {
      "url" : "https://eyematics.org/fhir/eyematics-kds/CodeSystem/vs-va-correction-methods",
      "version" : "2025.0.0-alpha",
      "status" : "draft",
      "name" : "CS_VA_Correction_Methods",
      "title" : "Visual Acuity Correction Methods",
      "description" : "Correction Methods not covered by snomed",
      "uses" : {
      },
      "ValueSet-va-correction-method.html" : "Visual Acuity Correction Methods"
    }
  ]
}
