<?xml version="1.0" encoding="UTF-8"?>

<CodeSystem xmlns="http://hl7.org/fhir">
  <id value="va-optotypes"/>
  <text>
    <status value="generated"/><div xmlns="http://www.w3.org/1999/xhtml"><p class="res-header-id"><b>Generated Narrative: CodeSystem va-optotypes</b></p><a name="va-optotypes"> </a><a name="hcva-optotypes"> </a><p>This case-sensitive code system <code>https://eyematics.org/fhir/eyematics-kds/CodeSystem/va-optotypes</code> defines the following codes:</p><table class="codes"><tr><td style="white-space:nowrap"><b>Code</b></td><td><b>Display</b></td></tr><tr><td style="white-space:nowrap">LandoltC<a name="va-optotypes-LandoltC"> </a></td><td>Landolt C</td></tr><tr><td style="white-space:nowrap">Sjogren<a name="va-optotypes-Sjogren"> </a></td><td>Sjogren's Hand Test</td></tr><tr><td style="white-space:nowrap">Lea<a name="va-optotypes-Lea"> </a></td><td>Lea Symbol Test</td></tr></table></div>
  </text>
  <url value="https://eyematics.org/fhir/eyematics-kds/CodeSystem/va-optotypes"/>
  <version value="2025.0.0-alpha"/>
  <name value="VA_Optotypes"/>
  <title value="Visual Acuity Optotypes"/>
  <status value="draft"/>
  <date value="2025-02-26"/>
  <publisher value="Medizininformatik-Initiative"/>
  <contact>
    <name value="Medizininformatik-Initiative"/>
    <telecom>
      <system value="url"/>
      <value value="https://www.medizininformatik-initiative.de"/>
    </telecom>
  </contact>
  <description value="A CodeSystem that includes codes representing optotype used during visual acuity testing, that are not covered by loinc or snomed"/>
  <jurisdiction>
    <coding>
      <system value="http://unstats.un.org/unsd/methods/m49/m49.htm"/>
      <code value="276"/>
    </coding>
  </jurisdiction>
  <copyright value="MII"/>
  <caseSensitive value="true"/>
  <compositional value="false"/>
  <versionNeeded value="true"/>
  <content value="complete"/>
  <count value="3"/>
  <concept>
    <code value="LandoltC"/>
    <display value="Landolt C"/>
  </concept>
  <concept>
    <code value="Sjogren"/>
    <display value="Sjogren's Hand Test"/>
  </concept>
  <concept>
    <code value="Lea"/>
    <display value="Lea Symbol Test"/>
  </concept>
</CodeSystem>