<?xml version="1.0" encoding="UTF-8"?>

<CodeSystem xmlns="http://hl7.org/fhir">
  <id value="oct-biomarker"/>
  <text>
    <status value="generated"/><div xmlns="http://www.w3.org/1999/xhtml"><p class="res-header-id"><b>Generated Narrative: CodeSystem oct-biomarker</b></p><a name="oct-biomarker"> </a><a name="hcoct-biomarker"> </a><p>This case-sensitive code system <code>https://eyematics.org/fhir/eyematics-kds/CodeSystem/oct-biomarker</code> defines the following codes:</p><table class="codes"><tr><td style="white-space:nowrap"><b>Code</b></td><td><b>Display</b></td></tr><tr><td style="white-space:nowrap">DRIL<a name="oct-biomarker-DRIL"> </a></td><td>Disorganization of Retinal Inner Layers</td></tr><tr><td style="white-space:nowrap">HRF<a name="oct-biomarker-HRF"> </a></td><td>Hyperreflective Foci</td></tr><tr><td style="white-space:nowrap">VMT<a name="oct-biomarker-VMT"> </a></td><td>Vitreomacular Traction</td></tr></table></div>
  </text>
  <url value="https://eyematics.org/fhir/eyematics-kds/CodeSystem/oct-biomarker"/>
  <version value="2025.0.0-alpha"/>
  <name value="OCT_Biomarker"/>
  <title value="OCT Biomarker"/>
  <status value="draft"/>
  <date value="2025-10-10"/>
  <publisher value="Medizininformatik-Initiative"/>
  <contact>
    <name value="Medizininformatik-Initiative"/>
    <telecom>
      <system value="url"/>
      <value value="https://www.medizininformatik-initiative.de"/>
    </telecom>
  </contact>
  <description value="Local codes for OCT-based biomarkers not yet represented in SNOMED CT."/>
  <jurisdiction>
    <coding>
      <system value="http://unstats.un.org/unsd/methods/m49/m49.htm"/>
      <code value="276"/>
    </coding>
  </jurisdiction>
  <copyright value="MII"/>
  <caseSensitive value="true"/>
  <compositional value="false"/>
  <versionNeeded value="true"/>
  <content value="complete"/>
  <count value="3"/>
  <concept>
    <code value="DRIL"/>
    <display value="Disorganization of Retinal Inner Layers"/>
  </concept>
  <concept>
    <code value="HRF"/>
    <display value="Hyperreflective Foci"/>
  </concept>
  <concept>
    <code value="VMT"/>
    <display value="Vitreomacular Traction"/>
  </concept>
</CodeSystem>