{
  "codeSystems" : [
    {
      "url" : "http://fhir.de/CodeSystem/ask",
      "version" : null,
      "status" : "active",
      "name" : "Ask",
      "title" : "Arzneimittel-Stoffkatalog",
      "description" : "Arzneimittel-Stoffkatalog (ASK) Platzhalter-CodeSystem",
      "uses" : {
      },
      "https://simplifier.net/resolve?scope=de.medizininformatikinitiative.kerndatensatz.medikation@2025.0.0&canonical=http://fhir.de/ValueSet/ask" : "ASK ValueSet"
    },
    {
      "url" : "http://fhir.de/CodeSystem/bfarm/atc",
      "version" : null,
      "status" : "active",
      "name" : "Atc",
      "title" : "ATC",
      "description" : "ATC Platzhalter-CodeSystem",
      "uses" : {
      },
      "ValueSet-ivom-medication.html" : "IVOM Medication",
      "https://simplifier.net/resolve?scope=de.medizininformatikinitiative.kerndatensatz.medikation@2025.0.0&canonical=http://fhir.de/ValueSet/bfarm/atc" : "ATC ValueSet"
    },
    {
      "url" : "http://fhir.de/CodeSystem/ifa/pzn",
      "version" : null,
      "status" : "active",
      "name" : "Pzn",
      "title" : "PZN",
      "description" : "PZN Platzhalter-CodeSystem",
      "uses" : {
      },
      "https://simplifier.net/resolve?scope=de.medizininformatikinitiative.kerndatensatz.medikation@2025.0.0&canonical=http://fhir.de/ValueSet/ifa/pzn" : "PZN ValueSet"
    },
    {
      "url" : "http://hl7.org/fhir/CodeSystem/medication-status",
      "version" : "4.0.1",
      "status" : "draft",
      "name" : "Medication Status Codes",
      "title" : "Medication  status  codes",
      "description" : "Medication Status Codes",
      "oids" : ["2.16.840.1.113883.4.642.4.1380"],
      "uses" : {
      },
      "http://hl7.org/fhir/R4/valueset-medication-status.html" : "Medication  status  codes"
    },
    {
      "url" : "http://hl7.org/fhir/CodeSystem/medicationrequest-intent",
      "version" : "4.0.1",
      "status" : "draft",
      "name" : "medicationRequest Intent",
      "title" : "Medication request  intent",
      "description" : "MedicationRequest Intent Codes",
      "oids" : ["2.16.840.1.113883.4.642.4.1378"],
      "uses" : {
      },
      "http://hl7.org/fhir/R4/valueset-medicationrequest-intent.html" : "Medication request  intent"
    },
    {
      "url" : "http://hl7.org/fhir/CodeSystem/medicationrequest-status",
      "version" : "4.0.1",
      "status" : "draft",
      "name" : "medicationrequest Status",
      "title" : "Medicationrequest  status",
      "description" : "MedicationRequest Status Codes",
      "oids" : ["2.16.840.1.113883.4.642.4.1377"],
      "uses" : {
      },
      "http://hl7.org/fhir/R4/valueset-medicationrequest-status.html" : "Medicationrequest  status"
    },
    {
      "url" : "http://hl7.org/fhir/days-of-week",
      "version" : "4.0.1",
      "status" : "active",
      "name" : "DaysOfWeek",
      "title" : "DaysOfWeek",
      "description" : "The days of the week.",
      "oids" : ["2.16.840.1.113883.4.642.4.513"],
      "uses" : {
      },
      "http://hl7.org/fhir/R4/valueset-days-of-week.html" : "DaysOfWeek"
    },
    {
      "url" : "http://hl7.org/fhir/diagnostic-report-status",
      "version" : "4.0.1",
      "status" : "draft",
      "name" : "DiagnosticReportStatus",
      "title" : "DiagnosticReportStatus",
      "description" : "The status of the diagnostic report.",
      "oids" : ["2.16.840.1.113883.4.642.4.236"],
      "uses" : {
      },
      "http://hl7.org/fhir/R4/valueset-diagnostic-report-status.html" : "DiagnosticReportStatus"
    },
    {
      "url" : "http://hl7.org/fhir/event-status",
      "version" : "4.0.1",
      "status" : "draft",
      "name" : "EventStatus",
      "title" : "EventStatus",
      "description" : "Codes identifying the lifecycle stage of an event.",
      "oids" : ["2.16.840.1.113883.4.642.4.110"],
      "uses" : {
      },
      "http://hl7.org/fhir/R4/valueset-event-status.html" : "EventStatus"
    },
    {
      "url" : "http://hl7.org/fhir/event-timing",
      "version" : "4.0.1",
      "status" : "active",
      "name" : "EventTiming",
      "title" : "EventTiming",
      "description" : "Real world event relating to the schedule.",
      "oids" : ["2.16.840.1.113883.4.642.4.76"],
      "uses" : {
      },
      "http://hl7.org/fhir/R4/valueset-event-timing.html" : "EventTiming"
    },
    {
      "url" : "http://hl7.org/fhir/observation-status",
      "version" : "4.0.1",
      "status" : "active",
      "name" : "ObservationStatus",
      "title" : "ObservationStatus",
      "description" : "Codes providing the status of an observation.",
      "oids" : ["2.16.840.1.113883.4.642.4.401"],
      "uses" : {
      },
      "http://hl7.org/fhir/R4/valueset-observation-status.html" : "ObservationStatus"
    },
    {
      "url" : "http://hl7.org/fhir/quantity-comparator",
      "version" : "4.0.1",
      "status" : "active",
      "name" : "QuantityComparator",
      "title" : "QuantityComparator",
      "description" : "How the Quantity should be understood and represented.",
      "oids" : ["2.16.840.1.113883.4.642.4.60"],
      "uses" : {
      },
      "http://hl7.org/fhir/R4/valueset-quantity-comparator.html" : "QuantityComparator"
    },
    {
      "url" : "http://hl7.org/fhir/request-priority",
      "version" : "4.0.1",
      "status" : "draft",
      "name" : "RequestPriority",
      "title" : "RequestPriority",
      "description" : "Identifies the level of importance to be assigned to actioning the request.",
      "oids" : ["2.16.840.1.113883.4.642.4.116"],
      "uses" : {
      },
      "http://hl7.org/fhir/R4/valueset-request-priority.html" : "Request priority"
    },
    {
      "url" : "http://loinc.org",
      "version" : "3.1.0",
      "status" : "active",
      "name" : "LOINC",
      "title" : "Logical Observation Identifiers, Names and Codes (LOINC)",
      "description" : "LOINC provides a set of universal names and ID codes for identifying laboratory and clinical test results.1,2 LOINC facilitates the exchange and pooling of results, such as blood hemoglobin, serum potassium, or vital signs, for clinical care, outcomes management, and research. LOINC's universal identifiers (names and codes) can be used in the context of order and observation exchanges between information systems that use syntax standards such as HL73, CEN TC251, ISO TC215, ASTM4, and DICOM. Specifically, the identifier can be used as the coded value for an observation in any other standard that uses the observation/observation value paradigm, whether messages, documents, application programming interface (API), etc. For example, LOINC codes are used widely in the OBX segment Observation Identifier field (OBX-3) of an ORU HL7 (HL7 version 2.x or ASTM 1238-9410) message that may be sent between a Clinical Laboratory Information Management Systems (LIMS) and Electronic Health Record Systems (EHR).5, 6 In this way, LOINC codes provide universal identifiers that allow the exchange of clinical data between heterogeneous computing environments.",
      "oids" : ["2.16.840.1.113883.6.1"],
      "uses" : {
      },
      "ValueSet-vs-rnfl-oct-thickness-map.html" : "Retinal nerve fiber layer OCT Thickness Map",
      "ValueSet-iop-code.html" : "IOP Code",
      "ValueSet-va-categorial-values.html" : "Visual Acuity Categorial Values",
      "http://hl7.org/fhir/R4/valueset-observation-codes.html" : "LOINC Codes",
      "http://hl7.org/fhir/R4/valueset-report-codes.html" : "LOINC Diagnostic Report Codes",
      "ValueSet-va-special-testing-parameters.html" : "Visual Acuity Special Testing Parameters",
      "ValueSet-va-test-distance.html" : "Visual Acuity Test Distance",
      "ValueSet-va-optotypes.html" : "Visual Acuity Optotypes",
      "ValueSet-vs-macular-oct-thickness-map.html" : "Macular OCT Thickness Map"
    },
    {
      "url" : "http://snomed.info/sct",
      "version" : null,
      "status" : "active",
      "name" : "SNOMED_CT",
      "title" : "SNOMED CT (all versions)",
      "description" : "SNOMED CT is the most comprehensive and precise clinical health terminology product in the world, owned and distributed around the world by The International Health Terminology Standards Development Organisation (IHTSDO).",
      "oids" : ["2.16.840.1.113883.6.96"],
      "uses" : {
      },
      "http://hl7.org/fhir/R4/valueset-performer-role.html" : "Procedure Performer Role Codes",
      "http://hl7.org/fhir/uv/ips/STU1.1/ValueSet-target-site-uv-ips.html" : "Target Site - IPS",
      "http://hl7.org/fhir/R4/valueset-observation-methods.html" : "Observation Methods",
      "http://hl7.org/fhir/R4/valueset-clinical-findings.html" : "SNOMED CT Clinical Findings",
      "http://hl7.org/fhir/R4/valueset-procedure-reason.html" : "Procedure Reason Codes",
      "http://hl7.org/fhir/R4/valueset-medication-as-needed-reason.html" : "SNOMED CT Medication As Needed Reason Codes",
      "http://hl7.org/fhir/R4/valueset-procedure-code.html" : "Procedure Codes (SNOMED CT)",
      "http://hl7.org/fhir/R4/valueset-body-site.html" : "SNOMED CT Body Structures",
      "http://hl7.org/fhir/R4/valueset-medication-codes.html" : "SNOMED CT Medication Codes",
      "ValueSet-vs-macular-edema-method.html" : "Method of finding a macular edema",
      "ValueSet-iop-methods.html" : "IOP Methods",
      "ValueSet-eye-laterality.html" : "Eye Laterality",
      "ValueSet-lens-types.html" : "VA Lens Types",
      "ValueSet-va-code.html" : "Visual Acuity Code",
      "http://hl7.org/fhir/R4/valueset-device-kind.html" : "FHIR Device Types",
      "http://hl7.org/fhir/R4/valueset-referencerange-appliesto.html" : "Observation Reference Range Applies To Codes",
      "ValueSet-va-special-testing-parameters.html" : "Visual Acuity Special Testing Parameters",
      "http://hl7.org/fhir/R4/valueset-procedure-category.html" : "Procedure Category Codes (SNOMED CT)",
      "http://hl7.org/fhir/R4/valueset-procedure-followup.html" : "Procedure Follow up Codes (SNOMED CT)",
      "ValueSet-va-optotypes.html" : "Visual Acuity Optotypes",
      "ValueSet-Used-NotUsed.html" : "Used NotUsed",
      "http://hl7.org/fhir/R4/valueset-condition-code.html" : "Condition/Problem/Diagnosis Codes",
      "http://hl7.org/fhir/R4/valueset-route-codes.html" : "SNOMED CT Route Codes",
      "http://hl7.org/fhir/R4/valueset-reason-medication-not-given-codes.html" : "SNOMED CT Reason Medication Not Given Codes",
      "http://hl7.org/fhir/R4/valueset-procedure-not-performed-reason.html" : "Procedure Not Performed Reason (SNOMED-CT)",
      "ValueSet-Present-Absent.html" : "Present Absent",
      "ValueSet-va-correction-method.html" : "Visual Acuity Correction Methods",
      "ValueSet-imaging-methods.html" : "Imaging Methods",
      "http://hl7.org/fhir/R4/valueset-device-action.html" : "Procedure Device Action Codes",
      "ValueSet-Performed-NotPerformed.html" : "Performed NotPerformed",
      "http://hl7.org/fhir/R4/valueset-administration-method-codes.html" : "SNOMED CT Administration Method Codes",
      "ValueSet-SUNFlare.html" : "SUN Flare",
      "ValueSet-vs-normal-abnormal.html" : "Normal Abnormal",
      "http://hl7.org/fhir/R4/valueset-additional-instruction-codes.html" : "SNOMED CT Additional Dosage Instructions",
      "ValueSet-va-categorial-values.html" : "Visual Acuity Categorial Values",
      "ValueSet-va-methods.html" : "VA Methods",
      "http://hl7.org/fhir/R4/valueset-procedure-outcome.html" : "Procedure Outcome Codes (SNOMED CT)"
    },
    {
      "url" : "http://standardterms.edqm.eu",
      "version" : "5 February 2025",
      "status" : "active",
      "name" : "EDQM_Standard_Terms",
      "title" : "EDQM Standard Terms",
      "description" : "Standard terms published by the European Directorate for the Quality of Medicines & HealthCare (EDQM) for pharmaceutical dose forms, routes and methods of administration, containers, closures, administration devices and units of presentation.",
      "oids" : ["0.4.0.127.0.16.1.1.2.1"],
      "uses" : {
      },
      "http://hl7.org/fhir/uv/ips/STU1.1/ValueSet-medicine-route-of-administration.html" : "Medicine Route of Administration - IPS",
      "ValueSet-IVIMedicationForm.html" : "IVI Medication Form"
    },
    {
      "url" : "http://terminology.hl7.org/CodeSystem/common-tags",
      "version" : "1.0.1",
      "status" : "active",
      "name" : "CommonTags",
      "title" : "Common Tags",
      "description" : "Common Tag Codes defined by FHIR project",
      "oids" : ["2.16.840.1.113883.4.642.1.1067"],
      "uses" : {
      },
      "http://hl7.org/fhir/R4/valueset-common-tags.html" : "Common Tags"
    },
    {
      "url" : "http://terminology.hl7.org/CodeSystem/data-absent-reason",
      "version" : "1.0.0",
      "status" : "active",
      "name" : "DataAbsentReason",
      "title" : "DataAbsentReason",
      "description" : "Used to specify why the normally expected content of the data element is missing.",
      "oids" : ["2.16.840.1.113883.4.642.4.1048"],
      "uses" : {
      },
      "http://hl7.org/fhir/R4/valueset-data-absent-reason.html" : "DataAbsentReason"
    },
    {
      "url" : "http://terminology.hl7.org/CodeSystem/dose-rate-type",
      "version" : "1.0.0",
      "status" : "draft",
      "name" : "DoseAndRateType",
      "title" : "DoseAndRateType",
      "description" : "The kind of dose or rate specified.",
      "oids" : ["2.16.840.1.113883.4.642.1.1069"],
      "uses" : {
      },
      "http://hl7.org/fhir/R4/valueset-dose-rate-type.html" : "DoseAndRateType"
    },
    {
      "url" : "http://terminology.hl7.org/CodeSystem/med-admin-perform-function",
      "version" : "1.0.1",
      "status" : "active",
      "name" : "MedicationAdministrationPerformerFunctionCodes",
      "title" : "MedicationAdministration Performer Function Codes",
      "description" : "MedicationAdministration Performer Function Codes",
      "oids" : ["2.16.840.1.113883.4.642.1.1112"],
      "uses" : {
      },
      "http://hl7.org/fhir/R4/valueset-med-admin-perform-function.html" : "Medication administration  performer  function  codes"
    },
    {
      "url" : "http://terminology.hl7.org/CodeSystem/medication-admin-category",
      "version" : "4.0.1",
      "status" : "draft",
      "name" : "MedicationAdministration Category Codes",
      "title" : "Medication administration  category  codes",
      "description" : "MedicationAdministration Category Codes",
      "oids" : ["2.16.840.1.113883.4.642.4.1111"],
      "uses" : {
      },
      "http://hl7.org/fhir/R4/valueset-medication-admin-category.html" : "Medication administration  category  codes"
    },
    {
      "url" : "http://terminology.hl7.org/CodeSystem/medication-admin-status",
      "version" : "4.0.1",
      "status" : "draft",
      "name" : "MedicationAdministration Status Codes",
      "title" : "Medication administration  status  codes",
      "description" : "MedicationAdministration Status Codes",
      "oids" : ["2.16.840.1.113883.4.642.4.1311"],
      "uses" : {
      },
      "http://hl7.org/fhir/R4/valueset-medication-admin-status.html" : "Medication administration  status  codes"
    },
    {
      "url" : "http://terminology.hl7.org/CodeSystem/medicationrequest-category",
      "version" : "1.0.0",
      "status" : "draft",
      "name" : "MedicationRequestCategoryCodes",
      "title" : "MedicationRequest Category Codes",
      "description" : "MedicationRequest Category Codes",
      "oids" : ["2.16.840.1.113883.4.642.1.1323"],
      "uses" : {
      },
      "http://hl7.org/fhir/R4/valueset-medicationrequest-category.html" : "Medication request  category  codes"
    },
    {
      "url" : "http://terminology.hl7.org/CodeSystem/medicationrequest-course-of-therapy",
      "version" : "1.0.1",
      "status" : "active",
      "name" : "MedicationRequestCourseOfTherapyCodes",
      "title" : "MedicationRequest Course of Therapy Codes",
      "description" : "MedicationRequest Course of Therapy Codes",
      "oids" : ["2.16.840.1.113883.4.642.1.1327"],
      "uses" : {
      },
      "http://hl7.org/fhir/R4/valueset-medicationrequest-course-of-therapy.html" : "Medication request  course of  therapy  codes"
    },
    {
      "url" : "http://terminology.hl7.org/CodeSystem/medicationrequest-status-reason",
      "version" : "1.0.1",
      "status" : "active",
      "name" : "MedicationRequestStatusReasonCodes",
      "title" : "MedicationRequest Status Reason Codes",
      "description" : "MedicationRequest Status Reason Codes",
      "oids" : ["2.16.840.1.113883.4.642.1.1325"],
      "uses" : {
      },
      "http://hl7.org/fhir/R4/valueset-medicationrequest-status-reason.html" : "Medication request  status  reason  codes"
    },
    {
      "url" : "http://terminology.hl7.org/CodeSystem/observation-category",
      "version" : "1.0.1",
      "status" : "active",
      "name" : "ObservationCategoryCodes",
      "title" : "Observation Category Codes",
      "description" : "Observation Category codes.",
      "oids" : ["2.16.840.1.113883.4.642.1.1125"],
      "uses" : {
      },
      "http://hl7.org/fhir/R4/valueset-observation-category.html" : "Observation Category Codes"
    },
    {
      "url" : "http://terminology.hl7.org/CodeSystem/reason-medication-given",
      "version" : "1.0.1",
      "status" : "active",
      "name" : "ReasonMedicationGivenCodes",
      "title" : "Reason Medication Given Codes",
      "description" : "This value set is provided as an example. The value set to instantiate this attribute should be drawn from a robust terminology code system that consists of or contains concepts to support the medication process.",
      "oids" : ["2.16.840.1.113883.4.642.1.1110"],
      "uses" : {
      },
      "http://hl7.org/fhir/R4/valueset-reason-medication-given-codes.html" : "Reason Medication Given Codes"
    },
    {
      "url" : "http://terminology.hl7.org/CodeSystem/referencerange-meaning",
      "version" : "1.0.1",
      "status" : "active",
      "name" : "ObservationReferenceRangeMeaningCodes",
      "title" : "Observation Reference Range Meaning Codes",
      "description" : "This value set defines a set of codes that can be used to indicate the meaning/use of a reference range for a particular target population.",
      "oids" : ["2.16.840.1.113883.4.642.1.1124"],
      "uses" : {
      },
      "http://hl7.org/fhir/R4/valueset-referencerange-meaning.html" : "Observation Reference Range Meaning Codes"
    },
    {
      "url" : "http://terminology.hl7.org/CodeSystem/v2-0074",
      "version" : "2.5.0",
      "status" : "active",
      "name" : "DiagnosticServiceSectionId",
      "title" : "diagnosticServiceSectionId",
      "description" : "HL7-defined code system of concepts which specify a section of a diagnostic service where the observation may be performed.  Used in HL7 Version 2.x messaging in the OBR and OM4 segments.",
      "oids" : ["2.16.840.1.113883.18.29"],
      "uses" : {
      },
      "http://hl7.org/fhir/R4/valueset-diagnostic-service-sections.html" : "Diagnostic Service Section Codes"
    },
    {
      "url" : "http://terminology.hl7.org/CodeSystem/v3-ActReason",
      "version" : "3.1.0",
      "status" : "active",
      "name" : "ActReason",
      "title" : "ActReason",
      "description" : "A set of codes specifying the motivation, cause, or rationale of an Act, when such rationale is not reasonably represented as an ActRelationship of type \"has reason\" linking to another Act.\r\n\r\n*Examples:* Example reasons that might qualify for being coded in this field might be: \"routine requirement\", \"infectious disease reporting requirement\", \"on patient request\", \"required by law\".",
      "oids" : ["2.16.840.1.113883.5.8"],
      "uses" : {
      },
      "http://terminology.hl7.org/6.5.0/ValueSet-v3-SubstanceAdminSubstitutionReason.html" : "SubstanceAdminSubstitutionReason"
    },
    {
      "url" : "http://terminology.hl7.org/CodeSystem/v3-GTSAbbreviation",
      "version" : "3.0.0",
      "status" : "active",
      "name" : "GTSAbbreviation",
      "title" : "GTSAbbreviation",
      "description" : "*Open Issue:* It appears that the printnames are suboptimal and should be improved for many of the existing codes.",
      "oids" : ["2.16.840.1.113883.5.1022"],
      "uses" : {
      },
      "http://hl7.org/fhir/R4/valueset-timing-abbreviation.html" : "TimingAbbreviation"
    },
    {
      "url" : "http://terminology.hl7.org/CodeSystem/v3-ObservationInterpretation",
      "version" : "3.0.0",
      "status" : "active",
      "name" : "ObservationInterpretation",
      "title" : "ObservationInterpretation",
      "description" : "One or more codes providing a rough qualitative interpretation of the observation, such as \"normal\" / \"abnormal\", \"low\" / \"high\", \"better\" / \"worse\", \"resistant\" / \"susceptible\", \"expected\" / \"not expected\". The value set is intended to be for ANY use where coded representation of an interpretation is needed.",
      "oids" : ["2.16.840.1.113883.5.83"],
      "uses" : {
      },
      "http://hl7.org/fhir/R4/valueset-observation-interpretation.html" : "Observation Interpretation Codes"
    },
    {
      "url" : "http://terminology.hl7.org/CodeSystem/v3-TimingEvent",
      "version" : "3.0.0",
      "status" : "active",
      "name" : "TimingEvent",
      "title" : "TimingEvent",
      "description" : "**** MISSING DESCRIPTION ****",
      "oids" : ["2.16.840.1.113883.5.139"],
      "uses" : {
      },
      "http://hl7.org/fhir/R4/valueset-event-timing.html" : "EventTiming"
    },
    {
      "url" : "http://terminology.hl7.org/CodeSystem/v3-substanceAdminSubstitution",
      "version" : "3.0.0",
      "status" : "active",
      "name" : "SubstanceAdminSubstitution",
      "title" : "Substance Admin Substitution",
      "description" : "Identifies what sort of change is permitted or has occurred between the therapy that was ordered and the therapy that was/will be provided.",
      "oids" : ["2.16.840.1.113883.5.1070"],
      "uses" : {
      },
      "http://terminology.hl7.org/6.5.0/ValueSet-v3-ActSubstanceAdminSubstitutionCode.html" : "ActSubstanceAdminSubstitutionCode"
    },
    {
      "url" : "http://unitsofmeasure.org",
      "version" : "3.0.1",
      "status" : "active",
      "name" : "UCUM",
      "title" : "Unified Code for Units of Measure (UCUM)",
      "description" : "The Unified Code for Units of Measure (UCUM) is a code system intended to include all units of measures being contemporarily used in international science, engineering, and business. The purpose is to facilitate unambiguous electronic communication of quantities together with their units. The focus is on electronic communication, as opposed to communication between humans. A typical application of The Unified Code for Units of Measure are electronic data interchange (EDI) protocols, but there is nothing that prevents it from being used in other types of machine communication.",
      "oids" : ["2.16.840.1.113883.6.8"],
      "uses" : {
      },
      "http://hl7.org/fhir/R4/valueset-units-of-time.html" : "UnitsOfTime"
    },
    {
      "url" : "https://eyematics.org/fhir/eyematics-kds/CodeSystem/iop-methods",
      "version" : "2025.0.0-alpha",
      "status" : "draft",
      "name" : "IOPMethods",
      "title" : "IOP Methods Code System",
      "description" : "IOP additional method types",
      "uses" : {
      },
      "ValueSet-iop-methods.html" : "IOP Methods"
    },
    {
      "url" : "https://eyematics.org/fhir/eyematics-kds/CodeSystem/ivi-treatment-regimen",
      "version" : "2025.0.0-alpha",
      "status" : "draft",
      "name" : "IVI_TreatmentRegimen",
      "title" : "IVI Treatment Regimen",
      "description" : "IVI Treatment Regimen or Protocol",
      "uses" : {
      },
      "ValueSet-IVITeatmentRegimen.html" : "IVI Treatment Regimen"
    },
    {
      "url" : "https://eyematics.org/fhir/eyematics-kds/CodeSystem/oct-binary-biomarker",
      "version" : "2025.0.0-alpha",
      "status" : "draft",
      "name" : "OCT_Binary_Biomarker",
      "title" : "OCT Binary Biomarker",
      "description" : "OCT Binary Biomarker that has no",
      "uses" : {
      },
      "ValueSet-oct-binary-bm-code.html" : "OCT Binary Biomarker Codes"
    },
    {
      "url" : "https://eyematics.org/fhir/eyematics-kds/CodeSystem/sun-grades",
      "version" : "2025.0.0-alpha",
      "status" : "draft",
      "name" : "SUN_Grades",
      "title" : "SUN Grades",
      "description" : "Grades of the Standardization of uveitis nomenclature",
      "uses" : {
      },
      "ValueSet-SUNCells.html" : "SUN Cells"
    },
    {
      "url" : "https://eyematics.org/fhir/eyematics-kds/CodeSystem/va-optotypes",
      "version" : "2025.0.0-alpha",
      "status" : "draft",
      "name" : "VA_Optotypes",
      "title" : "Visual Acuity Optotypes",
      "description" : "A CodeSystem that includes codes representing optotype used during visual acuity testing, that are not covered by loinc or snomed",
      "uses" : {
      },
      "ValueSet-va-optotypes.html" : "Visual Acuity Optotypes"
    },
    {
      "url" : "https://eyematics.org/fhir/eyematics-kds/CodeSystem/vs-units",
      "version" : "2025.0.0-alpha",
      "status" : "draft",
      "name" : "VA_Units",
      "title" : "Visual Acuity Units",
      "description" : "Units for quantitive measurement",
      "uses" : {
      },
      "ValueSet-va-quantity-units.html" : "Visual Acuity Units"
    },
    {
      "url" : "https://eyematics.org/fhir/eyematics-kds/CodeSystem/vs-va-correction-methods",
      "version" : "2025.0.0-alpha",
      "status" : "draft",
      "name" : "CS_VA_Correction_Methods",
      "title" : "Visual Acuity Correction Methods",
      "description" : "Correction Methods not covered by snomed",
      "uses" : {
      },
      "ValueSet-va-correction-method.html" : "Visual Acuity Correction Methods"
    },
    {
      "url" : "urn:ietf:bcp:47",
      "version" : "2.0.1",
      "status" : "active",
      "name" : "Ietf3066",
      "title" : "Tags for the Identification of Languages",
      "description" : "Older value from OID registry.  Superceded; see recommendations in BCP-47.",
      "oids" : ["2.16.840.1.113883.6.121"],
      "uses" : {
      },
      "http://hl7.org/fhir/R4/valueset-languages.html" : "Common Languages"
    }
  ]
}
