{
  "resourceType" : "CodeSystem",
  "id" : "vs-va-correction-methods",
  "text" : {
    "status" : "generated",
    "div" : "<div xmlns=\"http://www.w3.org/1999/xhtml\"><p class=\"res-header-id\"><b>Generated Narrative: CodeSystem vs-va-correction-methods</b></p><a name=\"vs-va-correction-methods\"> </a><a name=\"hcvs-va-correction-methods\"> </a><p>This case-sensitive code system <code>https://eyematics.org/fhir/eyematics-kds/CodeSystem/vs-va-correction-methods</code> defines the following codes:</p><table class=\"codes\"><tr><td style=\"white-space:nowrap\"><b>Code</b></td><td><b>Display</b></td><td><b>Definition</b></td></tr><tr><td style=\"white-space:nowrap\">trial-lenses-autorefraction<a name=\"vs-va-correction-methods-trial-lenses-autorefraction\"> </a></td><td>Trial Lenses - Values from Autorefraction</td><td>Trial lenses used for visual acuity testing based on values obtained from an autorefractor.</td></tr><tr><td style=\"white-space:nowrap\">trial-lenses-manifest-without-cycloplegia<a name=\"vs-va-correction-methods-trial-lenses-manifest-without-cycloplegia\"> </a></td><td>Trial Lenses - Values from Manifest Refraction without Cycloplegia</td><td>Trial lenses used for visual acuity testing based on values from manifest refraction without cycloplegia.</td></tr><tr><td style=\"white-space:nowrap\">trial-lenses-manifest-with-cycloplegia<a name=\"vs-va-correction-methods-trial-lenses-manifest-with-cycloplegia\"> </a></td><td>Trial Lenses - Values from Manifest Refraction with Cycloplegia</td><td>Trial lenses used for visual acuity testing based on values from manifest refraction with cycloplegia.</td></tr><tr><td style=\"white-space:nowrap\">trial-lenses-retinoscopy<a name=\"vs-va-correction-methods-trial-lenses-retinoscopy\"> </a></td><td>Trial Lenses - Values from Retinoscopy</td><td>Trial lenses used for visual acuity testing based on values from retinoscopy.</td></tr><tr><td style=\"white-space:nowrap\">trial-lenses-unspecified-origin<a name=\"vs-va-correction-methods-trial-lenses-unspecified-origin\"> </a></td><td>Trial Lenses - Values of Unspecified Origin</td><td>Trial lenses used for visual acuity testing where the origin of the refractive values is unspecified.</td></tr></table></div>"
  },
  "url" : "https://eyematics.org/fhir/eyematics-kds/CodeSystem/vs-va-correction-methods",
  "version" : "2025.0.0-alpha",
  "name" : "CS_VA_Correction_Methods",
  "title" : "Visual Acuity Correction Methods",
  "status" : "draft",
  "date" : "2025-02-26",
  "publisher" : "Medizininformatik-Initiative",
  "contact" : [{
    "name" : "Medizininformatik-Initiative",
    "telecom" : [{
      "system" : "url",
      "value" : "https://www.medizininformatik-initiative.de"
    }]
  }],
  "description" : "Correction Methods not covered by snomed",
  "jurisdiction" : [{
    "coding" : [{
      "system" : "http://unstats.un.org/unsd/methods/m49/m49.htm",
      "code" : "276"
    }]
  }],
  "copyright" : "MII",
  "caseSensitive" : true,
  "compositional" : false,
  "versionNeeded" : true,
  "content" : "complete",
  "count" : 5,
  "concept" : [{
    "code" : "trial-lenses-autorefraction",
    "display" : "Trial Lenses - Values from Autorefraction",
    "definition" : "Trial lenses used for visual acuity testing based on values obtained from an autorefractor."
  },
  {
    "code" : "trial-lenses-manifest-without-cycloplegia",
    "display" : "Trial Lenses - Values from Manifest Refraction without Cycloplegia",
    "definition" : "Trial lenses used for visual acuity testing based on values from manifest refraction without cycloplegia."
  },
  {
    "code" : "trial-lenses-manifest-with-cycloplegia",
    "display" : "Trial Lenses - Values from Manifest Refraction with Cycloplegia",
    "definition" : "Trial lenses used for visual acuity testing based on values from manifest refraction with cycloplegia."
  },
  {
    "code" : "trial-lenses-retinoscopy",
    "display" : "Trial Lenses - Values from Retinoscopy",
    "definition" : "Trial lenses used for visual acuity testing based on values from retinoscopy."
  },
  {
    "code" : "trial-lenses-unspecified-origin",
    "display" : "Trial Lenses - Values of Unspecified Origin",
    "definition" : "Trial lenses used for visual acuity testing where the origin of the refractive values is unspecified."
  }]
}