<?xml version="1.0" encoding="UTF-8"?>

<ValueSet xmlns="http://hl7.org/fhir">
  <id value="Performed-NotPerformed"/>
  <text>
    <status value="generated"/><div xmlns="http://www.w3.org/1999/xhtml"><p class="res-header-id"><b>Generated Narrative: ValueSet Performed-NotPerformed</b></p><a name="Performed-NotPerformed"> </a><a name="hcPerformed-NotPerformed"> </a><ul><li>Include these codes as defined in <a href="http://www.snomed.org/"><code>http://snomed.info/sct</code></a> version <span title="Version is not explicity stated. No matching Code System found">Not Stated (use latest from terminology server)</span><table class="none"><tr><td style="white-space:nowrap"><b>Code</b></td><td><b>Display</b></td></tr><tr><td><a href="http://snomed.info/id/398166005">398166005</a></td><td>Performed (qualifier value)</td></tr><tr><td><a href="http://snomed.info/id/262008008">262008008</a></td><td>Not performed (qualifier value)</td></tr></table></li></ul></div>
  </text>
  <url value="https://eyematics.org/fhir/eyematics-kds/ValueSet/Performed-NotPerformed"/>
  <version value="2025.0.0-alpha"/>
  <name value="VS_Performed_NotPerformed"/>
  <title value="Performed NotPerformed"/>
  <status value="draft"/>
  <experimental value="true"/>
  <date value="2025-03-12"/>
  <publisher value="Medizininformatik-Initiative"/>
  <contact>
    <name value="Medizininformatik-Initiative"/>
    <telecom>
      <system value="url"/>
      <value value="https://www.medizininformatik-initiative.de"/>
    </telecom>
  </contact>
  <description value="ValueSet representing the status of a procedure or action, indicating whether it has been performed or not."/>
  <jurisdiction>
    <coding>
      <system value="http://unstats.un.org/unsd/methods/m49/m49.htm"/>
      <code value="276"/>
    </coding>
  </jurisdiction>
  <compose>
    <include>
      <system value="http://snomed.info/sct"/>
      <concept>
        <code value="398166005"/>
        <display value="Performed (qualifier value)"/>
      </concept>
      <concept>
        <code value="262008008"/>
        <display value="Not performed (qualifier value)"/>
      </concept>
    </include>
  </compose>
</ValueSet>