<?xml version="1.0" encoding="UTF-8"?>

<ValueSet xmlns="http://hl7.org/fhir">
  <id value="va-methods"/>
  <text>
    <status value="generated"/><div xmlns="http://www.w3.org/1999/xhtml"><p class="res-header-id"><b>Generated Narrative: ValueSet va-methods</b></p><a name="va-methods"> </a><a name="hcva-methods"> </a><ul><li>Include these codes as defined in <a href="http://www.snomed.org/"><code>http://snomed.info/sct</code></a> version <span title="Version is not explicity stated. No matching Code System found">Not Stated (use latest from terminology server)</span><table class="none"><tr><td style="white-space:nowrap"><b>Code</b></td><td><b>Display</b></td></tr><tr><td><a href="http://snomed.info/id/416307006">416307006</a></td><td>Laser inferometer for potential acuity testing (physical object)</td></tr><tr><td><a href="http://snomed.info/id/418570001">418570001</a></td><td>Accommodative rule (physical object)</td></tr></table></li></ul></div>
  </text>
  <url value="https://eyematics.org/fhir/eyematics-kds/ValueSet/va-methods"/>
  <version value="2025.0.0-alpha"/>
  <name value="VS_VA_Methods"/>
  <title value="VA Methods"/>
  <status value="draft"/>
  <experimental value="true"/>
  <date value="2025-02-18"/>
  <publisher value="Medizininformatik-Initiative"/>
  <contact>
    <name value="Medizininformatik-Initiative"/>
    <telecom>
      <system value="url"/>
      <value value="https://www.medizininformatik-initiative.de"/>
    </telecom>
  </contact>
  <description value="Describes the various charts that can be used to assess visual acuity where concept descends from 400912000 (Visual acuity test equipment (physical object))."/>
  <jurisdiction>
    <coding>
      <system value="http://unstats.un.org/unsd/methods/m49/m49.htm"/>
      <code value="276"/>
    </coding>
  </jurisdiction>
  <compose>
    <include>
      <system value="http://snomed.info/sct"/>
      <concept>
        <code value="416307006"/>
        <display value="Laser inferometer for potential acuity testing (physical object)"/>
      </concept>
      <concept>
        <code value="418570001"/>
        <display value="Accommodative rule (physical object)"/>
      </concept>
    </include>
  </compose>
</ValueSet>