{
  "resourceType" : "ValueSet",
  "id" : "iop-methods",
  "text" : {
    "status" : "extensions",
    "div" : "<div xmlns=\"http://www.w3.org/1999/xhtml\"><p class=\"res-header-id\"><b>Generated Narrative: ValueSet iop-methods</b></p><a name=\"iop-methods\"> </a><a name=\"hciop-methods\"> </a><p>This value set includes codes based on the following rules:</p><ul><li>Include codes from<a href=\"http://www.snomed.org/\"><code>http://snomed.info/sct</code></a><span title=\"Version is not explicity stated. No matching Code System found\"> version Not Stated (use latest from terminology server)</span> where concept  descends from 164729009 (Tonometry)</li><li>Include these codes as defined in <a href=\"CodeSystem-iop-methods.html\"><code>https://eyematics.org/fhir/eyematics-kds/CodeSystem/iop-methods</code></a><span title=\"Version is not explicitly stated, which means it is fixed to the version provided in this specification\"> version &#x1F4E6;2025.0.0-alpha</span><table class=\"none\"><tr><td style=\"white-space:nowrap\"><b>Code</b></td><td><b>Display</b></td><td><b>Definition</b></td></tr><tr><td><a href=\"CodeSystem-iop-methods.html#iop-methods-rebound-tonometry-remote\">rebound-tonometry-remote</a></td><td>Rebound tonometry remote</td><td>Rebound tonometry remote</td></tr><tr><td><a href=\"CodeSystem-iop-methods.html#iop-methods-contact-lens-tonometry\">contact-lens-tonometry</a></td><td>Contact lens tonometry</td><td>Contact lens tonometry</td></tr></table></li></ul></div>"
  },
  "url" : "https://eyematics.org/fhir/eyematics-kds/ValueSet/iop-methods",
  "version" : "2025.0.0-alpha",
  "name" : "VS_IOP_Methods",
  "title" : "IOP Methods",
  "status" : "draft",
  "experimental" : true,
  "date" : "2025-01-15",
  "publisher" : "Medizininformatik-Initiative",
  "contact" : [{
    "name" : "Medizininformatik-Initiative",
    "telecom" : [{
      "system" : "url",
      "value" : "https://www.medizininformatik-initiative.de"
    }]
  }],
  "description" : "Describes the various methods of capturing IOP (Intraocular Pressure).",
  "jurisdiction" : [{
    "coding" : [{
      "system" : "http://unstats.un.org/unsd/methods/m49/m49.htm",
      "code" : "276"
    }]
  }],
  "compose" : {
    "include" : [{
      "system" : "http://snomed.info/sct",
      "filter" : [{
        "property" : "concept",
        "op" : "descendent-of",
        "value" : "164729009"
      }]
    },
    {
      "system" : "https://eyematics.org/fhir/eyematics-kds/CodeSystem/iop-methods",
      "concept" : [{
        "code" : "rebound-tonometry-remote",
        "display" : "Rebound tonometry remote"
      },
      {
        "code" : "contact-lens-tonometry",
        "display" : "Contact lens tonometry"
      }]
    }]
  }
}