<?xml version="1.0" encoding="UTF-8"?>

<ValueSet xmlns="http://hl7.org/fhir">
  <id value="iop-methods"/>
  <text>
    <status value="extensions"/><div xmlns="http://www.w3.org/1999/xhtml"><p class="res-header-id"><b>Generated Narrative: ValueSet iop-methods</b></p><a name="iop-methods"> </a><a name="hciop-methods"> </a><p>This value set includes codes based on the following rules:</p><ul><li>Include codes from<a href="http://www.snomed.org/"><code>http://snomed.info/sct</code></a><span title="Version is not explicity stated. No matching Code System found"> version Not Stated (use latest from terminology server)</span> where concept  descends from 164729009 (Tonometry)</li><li>Include these codes as defined in <a href="CodeSystem-iop-methods.html"><code>https://eyematics.org/fhir/eyematics-kds/CodeSystem/iop-methods</code></a><span title="Version is not explicitly stated, which means it is fixed to the version provided in this specification"> version &#x1F4E6;2025.0.0-alpha</span><table class="none"><tr><td style="white-space:nowrap"><b>Code</b></td><td><b>Display</b></td><td><b>Definition</b></td></tr><tr><td><a href="CodeSystem-iop-methods.html#iop-methods-rebound-tonometry-remote">rebound-tonometry-remote</a></td><td>Rebound tonometry remote</td><td>Rebound tonometry remote</td></tr><tr><td><a href="CodeSystem-iop-methods.html#iop-methods-contact-lens-tonometry">contact-lens-tonometry</a></td><td>Contact lens tonometry</td><td>Contact lens tonometry</td></tr></table></li></ul></div>
  </text>
  <url value="https://eyematics.org/fhir/eyematics-kds/ValueSet/iop-methods"/>
  <version value="2025.0.0-alpha"/>
  <name value="VS_IOP_Methods"/>
  <title value="IOP Methods"/>
  <status value="draft"/>
  <experimental value="true"/>
  <date value="2025-01-15"/>
  <publisher value="Medizininformatik-Initiative"/>
  <contact>
    <name value="Medizininformatik-Initiative"/>
    <telecom>
      <system value="url"/>
      <value value="https://www.medizininformatik-initiative.de"/>
    </telecom>
  </contact>
  <description value="Describes the various methods of capturing IOP (Intraocular Pressure)."/>
  <jurisdiction>
    <coding>
      <system value="http://unstats.un.org/unsd/methods/m49/m49.htm"/>
      <code value="276"/>
    </coding>
  </jurisdiction>
  <compose>
    <include>
      <system value="http://snomed.info/sct"/>
      <filter>
        <property value="concept"/>
        <op value="descendent-of"/>
        <value value="164729009"/>
      </filter>
    </include>
    <include>
      <system value="https://eyematics.org/fhir/eyematics-kds/CodeSystem/iop-methods"/>
      <concept>
        <code value="rebound-tonometry-remote"/>
        <display value="Rebound tonometry remote"/>
      </concept>
      <concept>
        <code value="contact-lens-tonometry"/>
        <display value="Contact lens tonometry"/>
      </concept>
    </include>
  </compose>
</ValueSet>