<?xml version="1.0" encoding="UTF-8"?>

<ValueSet xmlns="http://hl7.org/fhir">
  <id value="va-correction-method"/>
  <text>
    <status value="generated"/><div xmlns="http://www.w3.org/1999/xhtml"><p class="res-header-id"><b>Generated Narrative: ValueSet va-correction-method</b></p><a name="va-correction-method"> </a><a name="hcva-correction-method"> </a><p>This value set includes codes based on the following rules:</p><ul><li>Include these codes as defined in <a href="http://www.snomed.org/"><code>http://snomed.info/sct</code></a><span title="Version is not explicity stated. No matching Code System found"> version Not Stated (use latest from terminology server)</span><table class="none"><tr><td style="white-space:nowrap"><b>Code</b></td><td><b>Display</b></td></tr><tr><td><a href="http://snomed.info/id/420050001">420050001</a></td><td>Uncorrected visual acuity</td></tr><tr><td><a href="http://snomed.info/id/50121007">50121007</a></td><td>Eye glasses, device</td></tr><tr><td><a href="http://snomed.info/id/57368009">57368009</a></td><td>Contact lenses, device</td></tr><tr><td><a href="http://snomed.info/id/257492003">257492003</a></td><td>Pinhole Occluder</td></tr></table></li><li>Include all codes defined in <a href="CodeSystem-vs-va-correction-methods.html"><code>https://eyematics.org/fhir/eyematics-kds/CodeSystem/vs-va-correction-methods</code></a><span title="Version is not explicitly stated, which means it is fixed to the version provided in this specification"> version &#x1F4E6;2025.0.0-alpha</span></li></ul></div>
  </text>
  <url value="https://eyematics.org/fhir/eyematics-kds/ValueSet/va-correction-method"/>
  <version value="2025.0.0-alpha"/>
  <name value="VS_VA_Correction_Method"/>
  <title value="Visual Acuity Correction Methods"/>
  <status value="draft"/>
  <experimental value="true"/>
  <date value="2025-02-26"/>
  <publisher value="Medizininformatik-Initiative"/>
  <contact>
    <name value="Medizininformatik-Initiative"/>
    <telecom>
      <system value="url"/>
      <value value="https://www.medizininformatik-initiative.de"/>
    </telecom>
  </contact>
  <description value="Methods of correction used during a visual acuity test."/>
  <jurisdiction>
    <coding>
      <system value="http://unstats.un.org/unsd/methods/m49/m49.htm"/>
      <code value="276"/>
    </coding>
  </jurisdiction>
  <compose>
    <include>
      <system value="http://snomed.info/sct"/>
      <concept>
        <code value="420050001"/>
        <display value="Uncorrected visual acuity"/>
      </concept>
      <concept>
        <code value="50121007"/>
        <display value="Eye glasses, device"/>
      </concept>
      <concept>
        <code value="57368009"/>
        <display value="Contact lenses, device"/>
      </concept>
      <concept>
        <code value="257492003"/>
        <display value="Pinhole Occluder"/>
      </concept>
    </include>
    <include>
      <system value="https://eyematics.org/fhir/eyematics-kds/CodeSystem/vs-va-correction-methods"/>
    </include>
  </compose>
</ValueSet>