<?xml version="1.0" encoding="UTF-8"?>

<ValueSet xmlns="http://hl7.org/fhir">
  <id value="vs-rnfl-oct-thickness-map"/>
  <text>
    <status value="generated"/><div xmlns="http://www.w3.org/1999/xhtml"><p class="res-header-id"><b>Generated Narrative: ValueSet vs-rnfl-oct-thickness-map</b></p><a name="vs-rnfl-oct-thickness-map"> </a><a name="hcvs-rnfl-oct-thickness-map"> </a><ul><li>Include these codes as defined in <a href="http://loinc.org"><code>http://loinc.org</code></a><span title="Version is not explicity stated. No matching Code System found"> version Not Stated (use latest from terminology server)</span><table class="none"><tr><td style="white-space:nowrap"><b>Code</b></td><td><b>Display</b></td></tr><tr><td><a href="https://loinc.org/86287-0/">86287-0</a></td><td>Right retina Retinal nerve fiber layer.inferior temporal thickness by OCT</td></tr><tr><td><a href="https://loinc.org/86289-6/">86289-6</a></td><td>Left retina Retinal nerve fiber layer.inferior temporal thickness by OCT</td></tr><tr><td><a href="https://loinc.org/86283-9/">86283-9</a></td><td>Right retina Retinal nerve fiber layer.inferior thickness by OCT</td></tr><tr><td><a href="https://loinc.org/86288-8/">86288-8</a></td><td>Left retina Retinal nerve fiber layer.inferior thickness by OCT</td></tr><tr><td><a href="https://loinc.org/86290-4/">86290-4</a></td><td>Left retina Retinal nerve fiber layer.mean thickness by OCT</td></tr><tr><td><a href="https://loinc.org/86301-9/">86301-9</a></td><td>Right retina Retinal nerve fiber layer.mean thickness by OCT</td></tr><tr><td><a href="https://loinc.org/86272-2/">86272-2</a></td><td>Left retina Retinal nerve fiber layer.nasal inferior thickness by OCT</td></tr><tr><td><a href="https://loinc.org/86282-1/">86282-1</a></td><td>Right retina Retinal nerve fiber layer.nasal inferior thickness by OCT</td></tr><tr><td><a href="https://loinc.org/86280-5/">86280-5</a></td><td>Right retina Retinal nerve fiber layer.nasal superior thickness by OCT</td></tr><tr><td><a href="https://loinc.org/86281-3/">86281-3</a></td><td>Left retina Retinal nerve fiber layer.nasal superior thickness by OCT</td></tr><tr><td><a href="https://loinc.org/86279-7/">86279-7</a></td><td>Left retina Retinal nerve fiber layer.nasal thickness by OCT</td></tr><tr><td><a href="https://loinc.org/86284-7/">86284-7</a></td><td>Right retina Retinal nerve fiber layer.nasal thickness by OCT</td></tr><tr><td><a href="https://loinc.org/86276-3/">86276-3</a></td><td>Right retina Retinal nerve fiber layer.superior thickness by OCT</td></tr><tr><td><a href="https://loinc.org/86277-1/">86277-1</a></td><td>Left retina Retinal nerve fiber layer.superior thickness by OCT</td></tr><tr><td><a href="https://loinc.org/86274-8/">86274-8</a></td><td>Right retina Retinal nerve fiber layer.temporal superior thickness by OCT</td></tr><tr><td><a href="https://loinc.org/86275-5/">86275-5</a></td><td>Left retina Retinal nerve fiber layer.temporal superior thickness by OCT</td></tr><tr><td><a href="https://loinc.org/86273-0/">86273-0</a></td><td>Right retina Retinal nerve fiber layer.temporal thickness by OCT</td></tr><tr><td><a href="https://loinc.org/86278-9/">86278-9</a></td><td>Left retina Retinal nerve fiber layer.temporal thickness by OCT</td></tr><tr><td><a href="https://loinc.org/86293-8/">86293-8</a></td><td>Left retina Retinal nerve fiber layer.clock hour 1 thickness by OCT</td></tr><tr><td><a href="https://loinc.org/86305-0/">86305-0</a></td><td>Right retina Retinal nerve fiber layer.clock hour 1 thickness by OCT</td></tr><tr><td><a href="https://loinc.org/86294-6/">86294-6</a></td><td>Left retina Retinal nerve fiber layer.clock hour 2 thickness by OCT</td></tr><tr><td><a href="https://loinc.org/86306-8/">86306-8</a></td><td>Right retina Retinal nerve fiber layer.clock hour 2 thickness by OCT</td></tr><tr><td><a href="https://loinc.org/86295-3/">86295-3</a></td><td>Left retina Retinal nerve fiber layer.clock hour 3 thickness by OCT</td></tr><tr><td><a href="https://loinc.org/86307-6/">86307-6</a></td><td>Right retina Retinal nerve fiber layer.clock hour 3 thickness by OCT</td></tr><tr><td><a href="https://loinc.org/86296-1/">86296-1</a></td><td>Left retina Retinal nerve fiber layer.clock hour 4 thickness by OCT</td></tr><tr><td><a href="https://loinc.org/86308-4/">86308-4</a></td><td>Right retina Retinal nerve fiber layer.clock hour 4 thickness by OCT</td></tr><tr><td><a href="https://loinc.org/86297-9/">86297-9</a></td><td>Left retina Retinal nerve fiber layer.clock hour 5 thickness by OCT</td></tr><tr><td><a href="https://loinc.org/86309-2/">86309-2</a></td><td>Right retina Retinal nerve fiber layer.clock hour 5 thickness by OCT</td></tr><tr><td><a href="https://loinc.org/86298-7/">86298-7</a></td><td>Left retina Retinal nerve fiber layer.clock hour 6 thickness by OCT</td></tr><tr><td><a href="https://loinc.org/86310-0/">86310-0</a></td><td>Right retina Retinal nerve fiber layer.clock hour 6 thickness by OCT</td></tr><tr><td><a href="https://loinc.org/86299-5/">86299-5</a></td><td>Left retina Retinal nerve fiber layer.clock hour 7 thickness by OCT</td></tr><tr><td><a href="https://loinc.org/86311-8/">86311-8</a></td><td>Right retina Retinal nerve fiber layer.clock hour 7 thickness by OCT</td></tr><tr><td><a href="https://loinc.org/86300-1/">86300-1</a></td><td>Left retina Retinal nerve fiber layer.clock hour 8 thickness by OCT</td></tr><tr><td><a href="https://loinc.org/86312-6/">86312-6</a></td><td>Right retina Retinal nerve fiber layer.clock hour 8 thickness by OCT</td></tr><tr><td><a href="https://loinc.org/86286-2/">86286-2</a></td><td>Left retina Retinal nerve fiber layer.clock hour 9 thickness by OCT</td></tr><tr><td><a href="https://loinc.org/86313-4/">86313-4</a></td><td>Right retina Retinal nerve fiber layer.clock hour 9 thickness by OCT</td></tr><tr><td><a href="https://loinc.org/86302-7/">86302-7</a></td><td>Left retina Retinal nerve fiber layer.clock hour 10 thickness by OCT</td></tr><tr><td><a href="https://loinc.org/86314-2/">86314-2</a></td><td>Right retina Retinal nerve fiber layer.clock hour 10 thickness by OCT</td></tr><tr><td><a href="https://loinc.org/86303-5/">86303-5</a></td><td>Left retina Retinal nerve fiber layer.clock hour 11 thickness by OCT</td></tr><tr><td><a href="https://loinc.org/86315-9/">86315-9</a></td><td>Right retina Retinal nerve fiber layer.clock hour 11 thickness by OCT</td></tr><tr><td><a href="https://loinc.org/86304-3/">86304-3</a></td><td>Right retina Retinal nerve fiber layer.clock hour 12 thickness by OCT</td></tr><tr><td><a href="https://loinc.org/86292-0/">86292-0</a></td><td>Left retina Retinal nerve fiber layer.clock hour 12 thickness by OCT</td></tr></table></li></ul></div>
  </text>
  <url value="https://eyematics.org/fhir/eyematics-kds/ValueSet/vs-rnfl-oct-thickness-map"/>
  <version value="2025.0.0-alpha"/>
  <name value="VS_RNFL_OCT_Thickness_Map"/>
  <title value="Retinal nerve fiber layer OCT Thickness Map"/>
  <status value="draft"/>
  <experimental value="true"/>
  <date value="2025-03-25"/>
  <publisher value="Medizininformatik-Initiative"/>
  <contact>
    <name value="Medizininformatik-Initiative"/>
    <telecom>
      <system value="url"/>
      <value value="https://www.medizininformatik-initiative.de"/>
    </telecom>
  </contact>
  <description value="ValueSet representing the various thickness measurements of the retinal nerve fiber layer (RNFL) obtained through OCT."/>
  <jurisdiction>
    <coding>
      <system value="http://unstats.un.org/unsd/methods/m49/m49.htm"/>
      <code value="276"/>
    </coding>
  </jurisdiction>
  <compose>
    <include>
      <system value="http://loinc.org"/>
      <concept>
        <code value="86287-0"/>
        <display value="Right retina Retinal nerve fiber layer.inferior temporal thickness by OCT"/>
      </concept>
      <concept>
        <code value="86289-6"/>
        <display value="Left retina Retinal nerve fiber layer.inferior temporal thickness by OCT"/>
      </concept>
      <concept>
        <code value="86283-9"/>
        <display value="Right retina Retinal nerve fiber layer.inferior thickness by OCT"/>
      </concept>
      <concept>
        <code value="86288-8"/>
        <display value="Left retina Retinal nerve fiber layer.inferior thickness by OCT"/>
      </concept>
      <concept>
        <code value="86290-4"/>
        <display value="Left retina Retinal nerve fiber layer.mean thickness by OCT"/>
      </concept>
      <concept>
        <code value="86301-9"/>
        <display value="Right retina Retinal nerve fiber layer.mean thickness by OCT"/>
      </concept>
      <concept>
        <code value="86272-2"/>
        <display value="Left retina Retinal nerve fiber layer.nasal inferior thickness by OCT"/>
      </concept>
      <concept>
        <code value="86282-1"/>
        <display value="Right retina Retinal nerve fiber layer.nasal inferior thickness by OCT"/>
      </concept>
      <concept>
        <code value="86280-5"/>
        <display value="Right retina Retinal nerve fiber layer.nasal superior thickness by OCT"/>
      </concept>
      <concept>
        <code value="86281-3"/>
        <display value="Left retina Retinal nerve fiber layer.nasal superior thickness by OCT"/>
      </concept>
      <concept>
        <code value="86279-7"/>
        <display value="Left retina Retinal nerve fiber layer.nasal thickness by OCT"/>
      </concept>
      <concept>
        <code value="86284-7"/>
        <display value="Right retina Retinal nerve fiber layer.nasal thickness by OCT"/>
      </concept>
      <concept>
        <code value="86276-3"/>
        <display value="Right retina Retinal nerve fiber layer.superior thickness by OCT"/>
      </concept>
      <concept>
        <code value="86277-1"/>
        <display value="Left retina Retinal nerve fiber layer.superior thickness by OCT"/>
      </concept>
      <concept>
        <code value="86274-8"/>
        <display value="Right retina Retinal nerve fiber layer.temporal superior thickness by OCT"/>
      </concept>
      <concept>
        <code value="86275-5"/>
        <display value="Left retina Retinal nerve fiber layer.temporal superior thickness by OCT"/>
      </concept>
      <concept>
        <code value="86273-0"/>
        <display value="Right retina Retinal nerve fiber layer.temporal thickness by OCT"/>
      </concept>
      <concept>
        <code value="86278-9"/>
        <display value="Left retina Retinal nerve fiber layer.temporal thickness by OCT"/>
      </concept>
      <concept>
        <code value="86293-8"/>
        <display value="Left retina Retinal nerve fiber layer.clock hour 1 thickness by OCT"/>
      </concept>
      <concept>
        <code value="86305-0"/>
        <display value="Right retina Retinal nerve fiber layer.clock hour 1 thickness by OCT"/>
      </concept>
      <concept>
        <code value="86294-6"/>
        <display value="Left retina Retinal nerve fiber layer.clock hour 2 thickness by OCT"/>
      </concept>
      <concept>
        <code value="86306-8"/>
        <display value="Right retina Retinal nerve fiber layer.clock hour 2 thickness by OCT"/>
      </concept>
      <concept>
        <code value="86295-3"/>
        <display value="Left retina Retinal nerve fiber layer.clock hour 3 thickness by OCT"/>
      </concept>
      <concept>
        <code value="86307-6"/>
        <display value="Right retina Retinal nerve fiber layer.clock hour 3 thickness by OCT"/>
      </concept>
      <concept>
        <code value="86296-1"/>
        <display value="Left retina Retinal nerve fiber layer.clock hour 4 thickness by OCT"/>
      </concept>
      <concept>
        <code value="86308-4"/>
        <display value="Right retina Retinal nerve fiber layer.clock hour 4 thickness by OCT"/>
      </concept>
      <concept>
        <code value="86297-9"/>
        <display value="Left retina Retinal nerve fiber layer.clock hour 5 thickness by OCT"/>
      </concept>
      <concept>
        <code value="86309-2"/>
        <display value="Right retina Retinal nerve fiber layer.clock hour 5 thickness by OCT"/>
      </concept>
      <concept>
        <code value="86298-7"/>
        <display value="Left retina Retinal nerve fiber layer.clock hour 6 thickness by OCT"/>
      </concept>
      <concept>
        <code value="86310-0"/>
        <display value="Right retina Retinal nerve fiber layer.clock hour 6 thickness by OCT"/>
      </concept>
      <concept>
        <code value="86299-5"/>
        <display value="Left retina Retinal nerve fiber layer.clock hour 7 thickness by OCT"/>
      </concept>
      <concept>
        <code value="86311-8"/>
        <display value="Right retina Retinal nerve fiber layer.clock hour 7 thickness by OCT"/>
      </concept>
      <concept>
        <code value="86300-1"/>
        <display value="Left retina Retinal nerve fiber layer.clock hour 8 thickness by OCT"/>
      </concept>
      <concept>
        <code value="86312-6"/>
        <display value="Right retina Retinal nerve fiber layer.clock hour 8 thickness by OCT"/>
      </concept>
      <concept>
        <code value="86286-2"/>
        <display value="Left retina Retinal nerve fiber layer.clock hour 9 thickness by OCT"/>
      </concept>
      <concept>
        <code value="86313-4"/>
        <display value="Right retina Retinal nerve fiber layer.clock hour 9 thickness by OCT"/>
      </concept>
      <concept>
        <code value="86302-7"/>
        <display value="Left retina Retinal nerve fiber layer.clock hour 10 thickness by OCT"/>
      </concept>
      <concept>
        <code value="86314-2"/>
        <display value="Right retina Retinal nerve fiber layer.clock hour 10 thickness by OCT"/>
      </concept>
      <concept>
        <code value="86303-5"/>
        <display value="Left retina Retinal nerve fiber layer.clock hour 11 thickness by OCT"/>
      </concept>
      <concept>
        <code value="86315-9"/>
        <display value="Right retina Retinal nerve fiber layer.clock hour 11 thickness by OCT"/>
      </concept>
      <concept>
        <code value="86304-3"/>
        <display value="Right retina Retinal nerve fiber layer.clock hour 12 thickness by OCT"/>
      </concept>
      <concept>
        <code value="86292-0"/>
        <display value="Left retina Retinal nerve fiber layer.clock hour 12 thickness by OCT"/>
      </concept>
    </include>
  </compose>
</ValueSet>