{
  "resourceType" : "ValueSet",
  "id" : "oct-binary-bm-code",
  "text" : {
    "status" : "generated",
    "div" : "<div xmlns=\"http://www.w3.org/1999/xhtml\"><p class=\"res-header-id\"><b>Generated Narrative: ValueSet oct-binary-bm-code</b></p><a name=\"oct-binary-bm-code\"> </a><a name=\"hcoct-binary-bm-code\"> </a><ul><li>Include all codes defined in <a href=\"CodeSystem-oct-binary-biomarker.html\"><code>https://eyematics.org/fhir/eyematics-kds/CodeSystem/oct-binary-biomarker</code></a><span title=\"Version is not explicitly stated, which means it is fixed to the version provided in this specification\"> version &#x1F4E6;2025.0.0-alpha</span></li></ul></div>"
  },
  "url" : "https://eyematics.org/fhir/eyematics-kds-extended/ValueSet/oct-binary-bm-code",
  "version" : "2025.0.0-alpha",
  "name" : "VS_OCT_binary_BM_Code",
  "title" : "OCT Binary Biomarker Codes",
  "status" : "draft",
  "experimental" : true,
  "date" : "2025-10-10",
  "publisher" : "Medizininformatik-Initiative",
  "contact" : [{
    "name" : "Medizininformatik-Initiative",
    "telecom" : [{
      "system" : "url",
      "value" : "https://www.medizininformatik-initiative.de"
    }]
  }],
  "description" : "Value set representing qualitative OCT biomarkers used in retinal imaging, including structural indicators assessed as present or absent.",
  "jurisdiction" : [{
    "coding" : [{
      "system" : "http://unstats.un.org/unsd/methods/m49/m49.htm",
      "code" : "276"
    }]
  }],
  "compose" : {
    "include" : [{
      "system" : "https://eyematics.org/fhir/eyematics-kds/CodeSystem/oct-binary-biomarker"
    }]
  }
}