{
  "codeSystems" : [
    {
      "url" : "https://eyematics.org/fhir/eyematics-kds-extended/ValueSet/oct-binary-bm-code",
      "version" : "2025.0.0-alpha",
      "status" : "draft",
      "name" : "VS_OCT_binary_BM_Code",
      "title" : "OCT Binary Biomarker Codes",
      "description" : "Value set representing qualitative OCT biomarkers used in retinal imaging, including structural indicators assessed as present or absent.",
      "systems" : [
        "https://eyematics.org/fhir/eyematics-kds/CodeSystem/oct-binary-biomarker"
      ]
    },
    {
      "url" : "https://eyematics.org/fhir/eyematics-kds/ValueSet/IVIMedicationForm",
      "version" : "2025.0.0-alpha",
      "status" : "draft",
      "name" : "VS_IVI_MedicationForm",
      "title" : "IVI Medication Form",
      "description" : "ValueSet of the IVI Medication Form",
      "systems" : ["http://standardterms.edqm.eu"]
    },
    {
      "url" : "https://eyematics.org/fhir/eyematics-kds/ValueSet/IVITeatmentRegimen",
      "version" : "2025.0.0-alpha",
      "status" : "draft",
      "name" : "VS_IVI_TreatmentRegimen",
      "title" : "IVI Treatment Regimen",
      "description" : "ValueSet of the IVI Treatment Regimen/Protocol",
      "systems" : [
        "https://eyematics.org/fhir/eyematics-kds/CodeSystem/ivi-treatment-regimen"
      ]
    },
    {
      "url" : "https://eyematics.org/fhir/eyematics-kds/ValueSet/Normal-Abnormal",
      "version" : "2025.0.0-alpha",
      "status" : "draft",
      "name" : "VS_Normal_Abnormal",
      "title" : "Normal Abnormal",
      "description" : "ValueSet containing codes that indicate the normality status of a clinical finding or condition. It includes codes from system Snomed CT where concept descendant-of $SCT#276800000 (Normality findings (qualifier value)).",
      "systems" : ["http://snomed.info/sct"]
    },
    {
      "url" : "https://eyematics.org/fhir/eyematics-kds/ValueSet/Performed-NotPerformed",
      "version" : "2025.0.0-alpha",
      "status" : "draft",
      "name" : "VS_Performed_NotPerformed",
      "title" : "Performed NotPerformed",
      "description" : "ValueSet representing the status of a procedure or action, indicating whether it has been performed or not.",
      "systems" : ["http://snomed.info/sct"]
    },
    {
      "url" : "https://eyematics.org/fhir/eyematics-kds/ValueSet/Present-Absent",
      "version" : "2025.0.0-alpha",
      "status" : "draft",
      "name" : "VS_Present_Absent",
      "title" : "Present Absent",
      "description" : "ValueSet containing codes that indicate the presence, absence, or unknown status of a clinical finding or condition.",
      "systems" : ["http://snomed.info/sct"]
    },
    {
      "url" : "https://eyematics.org/fhir/eyematics-kds/ValueSet/SUNCells",
      "version" : "2025.0.0-alpha",
      "status" : "draft",
      "name" : "VS_SUN_Cells",
      "title" : "SUN Cells",
      "description" : "ValueSet of the allowed values for the Standardization of uveitis nomenclature (SUN) for Anterior Chamber Cells.",
      "systems" : [
        "https://eyematics.org/fhir/eyematics-kds/CodeSystem/sun-grades",
        "http://snomed.info/sct"
      ]
    },
    {
      "url" : "https://eyematics.org/fhir/eyematics-kds/ValueSet/SUNFlare",
      "version" : "2025.0.0-alpha",
      "status" : "draft",
      "name" : "VS_SUN_Flare",
      "title" : "SUN Flare",
      "description" : "ValueSet of the allowed values for the Standardization of uveitis nomenclature (SUN) for Anterior Chamber Flare.",
      "systems" : ["http://snomed.info/sct"]
    },
    {
      "url" : "https://eyematics.org/fhir/eyematics-kds/ValueSet/Used-NotUsed",
      "version" : "2025.0.0-alpha",
      "status" : "draft",
      "name" : "VS_Used_NotUsed",
      "title" : "Used NotUsed",
      "description" : "ValueSet representing the status of a device, indicating whether it has been used or not.",
      "systems" : ["http://snomed.info/sct"]
    },
    {
      "url" : "https://eyematics.org/fhir/eyematics-kds/ValueSet/eye-laterality",
      "version" : "2025.0.0-alpha",
      "status" : "draft",
      "name" : "VS_Eye_Laterality",
      "title" : "Eye Laterality",
      "description" : "Describes which eye of the patient was analyzed.",
      "systems" : ["http://snomed.info/sct"]
    },
    {
      "url" : "https://eyematics.org/fhir/eyematics-kds/ValueSet/imaging-methods",
      "version" : "2025.0.0-alpha",
      "status" : "draft",
      "name" : "VS_Imaging_Methods",
      "title" : "Imaging Methods",
      "description" : "ValueSet containing standardized imaging procedures used in ophthalmology.",
      "systems" : ["http://snomed.info/sct"]
    },
    {
      "url" : "https://eyematics.org/fhir/eyematics-kds/ValueSet/iop-code",
      "version" : "2025.0.0-alpha",
      "status" : "draft",
      "name" : "VS_IOP_Code",
      "title" : "IOP Code",
      "description" : "Codes used to specify the laterality of the eye.",
      "systems" : ["http://loinc.org"]
    },
    {
      "url" : "https://eyematics.org/fhir/eyematics-kds/ValueSet/iop-methods",
      "version" : "2025.0.0-alpha",
      "status" : "draft",
      "name" : "VS_IOP_Methods",
      "title" : "IOP Methods",
      "description" : "Describes the various methods of capturing IOP (Intraocular Pressure).",
      "systems" : [
        "http://snomed.info/sct",
        "https://eyematics.org/fhir/eyematics-kds/CodeSystem/iop-methods"
      ]
    },
    {
      "url" : "https://eyematics.org/fhir/eyematics-kds/ValueSet/ivom-medication",
      "version" : "2025.0.0-alpha",
      "status" : "draft",
      "name" : "VS_IVOM_Medication",
      "title" : "IVOM Medication",
      "description" : "ValueSet representing various optotypes used in visual acuity testing.",
      "systems" : ["http://fhir.de/CodeSystem/bfarm/atc"]
    },
    {
      "url" : "https://eyematics.org/fhir/eyematics-kds/ValueSet/lens-types",
      "version" : "2025.0.0-alpha",
      "status" : "draft",
      "name" : "VS_VA_Lens_Types",
      "title" : "VA Lens Types",
      "description" : "This ValueSet includes codes representing different types of lenses used in ophthalmology. It covers contact lenses, eyeglasses and trial lenses.",
      "systems" : ["http://snomed.info/sct"]
    },
    {
      "url" : "https://eyematics.org/fhir/eyematics-kds/ValueSet/va-categorial-values",
      "version" : "2025.0.0-alpha",
      "status" : "draft",
      "name" : "VS_VA_Categorial_Values",
      "title" : "Visual Acuity Categorial Values",
      "description" : "ValueSet representing categorical values for visual acuity assessments.",
      "systems" : ["http://loinc.org", "http://snomed.info/sct"]
    },
    {
      "url" : "https://eyematics.org/fhir/eyematics-kds/ValueSet/va-code",
      "version" : "2025.0.0-alpha",
      "status" : "draft",
      "name" : "VS_VA_Code",
      "title" : "Visual Acuity Code",
      "description" : "SNOMED or LOINC code",
      "systems" : ["http://snomed.info/sct"]
    },
    {
      "url" : "https://eyematics.org/fhir/eyematics-kds/ValueSet/va-correction-method",
      "version" : "2025.0.0-alpha",
      "status" : "draft",
      "name" : "VS_VA_Correction_Method",
      "title" : "Visual Acuity Correction Methods",
      "description" : "Methods of correction used during a visual acuity test.",
      "systems" : [
        "https://eyematics.org/fhir/eyematics-kds/CodeSystem/vs-va-correction-methods",
        "http://snomed.info/sct"
      ]
    },
    {
      "url" : "https://eyematics.org/fhir/eyematics-kds/ValueSet/va-methods",
      "version" : "2025.0.0-alpha",
      "status" : "draft",
      "name" : "VS_VA_Methods",
      "title" : "VA Methods",
      "description" : "Describes the various charts that can be used to assess visual acuity where concept descends from 400912000 (Visual acuity test equipment (physical object)).",
      "systems" : ["http://snomed.info/sct"]
    },
    {
      "url" : "https://eyematics.org/fhir/eyematics-kds/ValueSet/va-optotypes",
      "version" : "2025.0.0-alpha",
      "status" : "draft",
      "name" : "VS_VA_Optotypes",
      "title" : "Visual Acuity Optotypes",
      "description" : "ValueSet representing various optotypes used in visual acuity testing.",
      "systems" : [
        "https://eyematics.org/fhir/eyematics-kds/CodeSystem/va-optotypes",
        "http://loinc.org",
        "http://snomed.info/sct"
      ]
    },
    {
      "url" : "https://eyematics.org/fhir/eyematics-kds/ValueSet/va-quantity-units",
      "version" : "2025.0.0-alpha",
      "status" : "draft",
      "name" : "VS_VA_Quantity_Units",
      "title" : "Visual Acuity Units",
      "description" : "ValueSet representing the units of measurement used in visual acuity assessments.",
      "systems" : [
        "https://eyematics.org/fhir/eyematics-kds/CodeSystem/vs-units"
      ]
    },
    {
      "url" : "https://eyematics.org/fhir/eyematics-kds/ValueSet/va-special-testing-parameters",
      "version" : "2025.0.0-alpha",
      "status" : "draft",
      "name" : "VS_VA_Special_Testing_Parameters",
      "title" : "Visual Acuity Special Testing Parameters",
      "description" : "ValueSet representing special parameters used in visual acuity testing that go beyond standard acuity measures.",
      "systems" : ["http://loinc.org", "http://snomed.info/sct"]
    },
    {
      "url" : "https://eyematics.org/fhir/eyematics-kds/ValueSet/va-test-distance",
      "version" : "2025.0.0-alpha",
      "status" : "draft",
      "name" : "VS_VA_Test_Distance",
      "title" : "Visual Acuity Test Distance",
      "description" : "ValueSet representing different test distances.",
      "systems" : ["http://loinc.org"]
    },
    {
      "url" : "https://eyematics.org/fhir/eyematics-kds/ValueSet/vs-macular-edema-method",
      "version" : "2025.0.0-alpha",
      "status" : "draft",
      "name" : "VS_MacularEdema_Method",
      "title" : "Method of finding a macular edema",
      "description" : "ValueSet representing the methods for discovering a macular edema.",
      "systems" : ["http://snomed.info/sct"]
    },
    {
      "url" : "https://eyematics.org/fhir/eyematics-kds/ValueSet/vs-macular-oct-thickness-map",
      "version" : "2025.0.0-alpha",
      "status" : "draft",
      "name" : "VS_Macular_OCT_Thickness_Map",
      "title" : "Macular OCT Thickness Map",
      "description" : "ValueSet representing the various subfield thickness measurements of the macula obtained through OCT.",
      "systems" : ["http://loinc.org"]
    },
    {
      "url" : "https://eyematics.org/fhir/eyematics-kds/ValueSet/vs-rnfl-oct-thickness-map",
      "version" : "2025.0.0-alpha",
      "status" : "draft",
      "name" : "VS_RNFL_OCT_Thickness_Map",
      "title" : "Retinal nerve fiber layer OCT Thickness Map",
      "description" : "ValueSet representing the various thickness measurements of the retinal nerve fiber layer (RNFL) obtained through OCT.",
      "systems" : ["http://loinc.org"]
    }
  ]
}
