<?xml version="1.0" encoding="UTF-8"?>

<ValueSet xmlns="http://hl7.org/fhir">
  <id value="va-categorial-values"/>
  <text>
    <status value="generated"/><div xmlns="http://www.w3.org/1999/xhtml"><p class="res-header-id"><b>Generated Narrative: ValueSet va-categorial-values</b></p><a name="va-categorial-values"> </a><a name="hcva-categorial-values"> </a><p>This value set includes codes based on the following rules:</p><ul><li>Include these codes as defined in <a href="http://www.snomed.org/"><code>http://snomed.info/sct</code></a><span title="Version is not explicity stated. No matching Code System found"> version Not Stated (use latest from terminology server)</span><table class="none"><tr><td style="white-space:nowrap"><b>Code</b></td><td><b>Display</b></td></tr><tr><td><a href="http://snomed.info/id/260295004">260295004</a></td><td>Sees hand movements (finding)</td></tr><tr><td><a href="http://snomed.info/id/260297007">260297007</a></td><td>Perception of light - accurate projection (finding)</td></tr><tr><td><a href="http://snomed.info/id/260298002">260298002</a></td><td>Perception of light - inaccurate projection (finding)</td></tr><tr><td><a href="http://snomed.info/id/260296003">260296003</a></td><td>Perceives light only (finding)</td></tr><tr><td><a href="http://snomed.info/id/63063006">63063006</a></td><td>Visual acuity, no light perception (finding)</td></tr><tr><td><a href="http://snomed.info/id/261665006">261665006</a></td><td>Unknown (qualifier value)</td></tr><tr><td><a href="http://snomed.info/id/262008008">262008008</a></td><td>Not performed (qualifier value)</td></tr></table></li><li>Include these codes as defined in <a href="http://loinc.org"><code>http://loinc.org</code></a><span title="Version is not explicity stated. No matching Code System found"> version Not Stated (use latest from terminology server)</span><table class="none"><tr><td style="white-space:nowrap"><b>Code</b></td><td><b>Display</b></td></tr><tr><td><a href="https://loinc.org/LA24679-5/">LA24679-5</a></td><td>Count fingers (CF)</td></tr><tr><td><a href="https://loinc.org/LA25490-6/">LA25490-6</a></td><td>Central steady maintain</td></tr><tr><td><a href="https://loinc.org/LA25491-4/">LA25491-4</a></td><td>Central unsteady maintain</td></tr><tr><td><a href="https://loinc.org/LA25492-2/">LA25492-2</a></td><td>Fix and follow</td></tr><tr><td><a href="https://loinc.org/LA25493-0/">LA25493-0</a></td><td>Blinks for lights</td></tr></table></li></ul></div>
  </text>
  <url value="https://eyematics.org/fhir/eyematics-kds/ValueSet/va-categorial-values"/>
  <version value="2025.0.0-alpha"/>
  <name value="VS_VA_Categorial_Values"/>
  <title value="Visual Acuity Categorial Values"/>
  <status value="draft"/>
  <experimental value="true"/>
  <date value="2025-02-26"/>
  <publisher value="Medizininformatik-Initiative"/>
  <contact>
    <name value="Medizininformatik-Initiative"/>
    <telecom>
      <system value="url"/>
      <value value="https://www.medizininformatik-initiative.de"/>
    </telecom>
  </contact>
  <description value="ValueSet representing categorical values for visual acuity assessments."/>
  <jurisdiction>
    <coding>
      <system value="http://unstats.un.org/unsd/methods/m49/m49.htm"/>
      <code value="276"/>
    </coding>
  </jurisdiction>
  <compose>
    <include>
      <system value="http://snomed.info/sct"/>
      <concept>
        <code value="260295004"/>
        <display value="Sees hand movements (finding)"/>
      </concept>
      <concept>
        <code value="260297007"/>
        <display value="Perception of light - accurate projection (finding)"/>
      </concept>
      <concept>
        <code value="260298002"/>
        <display value="Perception of light - inaccurate projection (finding)"/>
      </concept>
      <concept>
        <code value="260296003"/>
        <display value="Perceives light only (finding)"/>
      </concept>
      <concept>
        <code value="63063006"/>
        <display value="Visual acuity, no light perception (finding)"/>
      </concept>
      <concept>
        <code value="261665006"/>
        <display value="Unknown (qualifier value)"/>
      </concept>
      <concept>
        <code value="262008008"/>
        <display value="Not performed (qualifier value)"/>
      </concept>
    </include>
    <include>
      <system value="http://loinc.org"/>
      <concept>
        <code value="LA24679-5"/>
        <display value="Count fingers (CF)"/>
      </concept>
      <concept>
        <code value="LA25490-6"/>
        <display value="Central steady maintain"/>
      </concept>
      <concept>
        <code value="LA25491-4"/>
        <display value="Central unsteady maintain"/>
      </concept>
      <concept>
        <code value="LA25492-2"/>
        <display value="Fix and follow"/>
      </concept>
      <concept>
        <code value="LA25493-0"/>
        <display value="Blinks for lights"/>
      </concept>
    </include>
  </compose>
</ValueSet>