{
  "resourceType" : "ValueSet",
  "id" : "Performed-NotPerformed",
  "text" : {
    "status" : "generated",
    "div" : "<div xmlns=\"http://www.w3.org/1999/xhtml\"><p class=\"res-header-id\"><b>Generated Narrative: ValueSet Performed-NotPerformed</b></p><a name=\"Performed-NotPerformed\"> </a><a name=\"hcPerformed-NotPerformed\"> </a><ul><li>Include these codes as defined in <a href=\"http://www.snomed.org/\"><code>http://snomed.info/sct</code></a> version <span title=\"Version is not explicity stated. No matching Code System found\">Not Stated (use latest from terminology server)</span><table class=\"none\"><tr><td style=\"white-space:nowrap\"><b>Code</b></td><td><b>Display</b></td></tr><tr><td><a href=\"http://snomed.info/id/398166005\">398166005</a></td><td>Performed (qualifier value)</td></tr><tr><td><a href=\"http://snomed.info/id/262008008\">262008008</a></td><td>Not performed (qualifier value)</td></tr></table></li></ul></div>"
  },
  "url" : "https://eyematics.org/fhir/eyematics-kds/ValueSet/Performed-NotPerformed",
  "version" : "2025.0.0-alpha",
  "name" : "VS_Performed_NotPerformed",
  "title" : "Performed NotPerformed",
  "status" : "draft",
  "experimental" : true,
  "date" : "2025-03-12",
  "publisher" : "Medizininformatik-Initiative",
  "contact" : [{
    "name" : "Medizininformatik-Initiative",
    "telecom" : [{
      "system" : "url",
      "value" : "https://www.medizininformatik-initiative.de"
    }]
  }],
  "description" : "ValueSet representing the status of a procedure or action, indicating whether it has been performed or not.",
  "jurisdiction" : [{
    "coding" : [{
      "system" : "http://unstats.un.org/unsd/methods/m49/m49.htm",
      "code" : "276"
    }]
  }],
  "compose" : {
    "include" : [{
      "system" : "http://snomed.info/sct",
      "concept" : [{
        "code" : "398166005",
        "display" : "Performed (qualifier value)"
      },
      {
        "code" : "262008008",
        "display" : "Not performed (qualifier value)"
      }]
    }]
  }
}