<?xml version="1.0" encoding="UTF-8"?>

<ValueSet xmlns="http://hl7.org/fhir">
  <id value="Used-NotUsed"/>
  <text>
    <status value="generated"/><div xmlns="http://www.w3.org/1999/xhtml"><p class="res-header-id"><b>Generated Narrative: ValueSet Used-NotUsed</b></p><a name="Used-NotUsed"> </a><a name="hcUsed-NotUsed"> </a><ul><li>Include these codes as defined in <a href="http://www.snomed.org/"><code>http://snomed.info/sct</code></a><span title="Version is not explicity stated. No matching Code System found"> version Not Stated (use latest from terminology server)</span><table class="none"><tr><td style="white-space:nowrap"><b>Code</b></td><td><b>Display</b></td></tr><tr><td><a href="http://snomed.info/id/373062004">373062004</a></td><td>Device used (finding)</td></tr><tr><td><a href="http://snomed.info/id/262009000">262009000</a></td><td>Not used (qualifier value)</td></tr></table></li></ul></div>
  </text>
  <url value="https://eyematics.org/fhir/eyematics-kds/ValueSet/Used-NotUsed"/>
  <version value="2025.0.0-alpha"/>
  <name value="VS_Used_NotUsed"/>
  <title value="Used NotUsed"/>
  <status value="draft"/>
  <experimental value="true"/>
  <date value="2025-03-24"/>
  <publisher value="Medizininformatik-Initiative"/>
  <contact>
    <name value="Medizininformatik-Initiative"/>
    <telecom>
      <system value="url"/>
      <value value="https://www.medizininformatik-initiative.de"/>
    </telecom>
  </contact>
  <description value="ValueSet representing the status of a device, indicating whether it has been used or not."/>
  <jurisdiction>
    <coding>
      <system value="http://unstats.un.org/unsd/methods/m49/m49.htm"/>
      <code value="276"/>
    </coding>
  </jurisdiction>
  <compose>
    <include>
      <system value="http://snomed.info/sct"/>
      <concept>
        <code value="373062004"/>
        <display value="Device used (finding)"/>
      </concept>
      <concept>
        <code value="262009000"/>
        <display value="Not used (qualifier value)"/>
      </concept>
    </include>
  </compose>
</ValueSet>