<?xml version="1.0" encoding="UTF-8"?>

<ValueSet xmlns="http://hl7.org/fhir">
  <id value="vs-normal-abnormal"/>
  <text>
    <status value="generated"/><div xmlns="http://www.w3.org/1999/xhtml"><p class="res-header-id"><b>Generated Narrative: ValueSet vs-normal-abnormal</b></p><a name="vs-normal-abnormal"> </a><a name="hcvs-normal-abnormal"> </a><ul><li>Include these codes as defined in <a href="http://www.snomed.org/"><code>http://snomed.info/sct</code></a><span title="Version is not explicity stated. No matching Code System found"> version Not Stated (use latest from terminology server)</span><table class="none"><tr><td style="white-space:nowrap"><b>Code</b></td><td><b>Display</b></td></tr><tr><td><a href="http://snomed.info/id/263654008">263654008</a></td><td>Abnormal (qualifier value)</td></tr><tr><td><a href="http://snomed.info/id/43261007">43261007</a></td><td>Abnormal presence of (qualifier value)</td></tr><tr><td><a href="http://snomed.info/id/371879000">371879000</a></td><td>Abnormally high (qualifier value)</td></tr><tr><td><a href="http://snomed.info/id/371880002">371880002</a></td><td>Abnormally low (qualifier value)</td></tr><tr><td><a href="http://snomed.info/id/260377000">260377000</a></td><td>Exaggerated (qualifier value)</td></tr><tr><td><a href="http://snomed.info/id/1340204007">1340204007</a></td><td>Slightly abnormal (qualifier value)</td></tr><tr><td><a href="http://snomed.info/id/371932001">371932001</a></td><td>Borderline normal (qualifier value)</td></tr><tr><td><a href="http://snomed.info/id/17621005">17621005</a></td><td>Normal (qualifier value)</td></tr><tr><td><a href="http://snomed.info/id/371934000">371934000</a></td><td>Normality undetermined (qualifier value)</td></tr><tr><td><a href="http://snomed.info/id/264909001">264909001</a></td><td>Post-receptor abnormality (qualifier value)</td></tr><tr><td><a href="http://snomed.info/id/394845008">394845008</a></td><td>Potentially abnormal (qualifier value)</td></tr><tr><td><a href="http://snomed.info/id/264914002">264914002</a></td><td>Receptor abnormality (qualifier value)</td></tr><tr><td><a href="http://snomed.info/id/264916000">264916000</a></td><td>Receptor defective (qualifier value)</td></tr><tr><td><a href="http://snomed.info/id/40885006">40885006</a></td><td>Variant (qualifier value)</td></tr></table></li></ul></div>
  </text>
  <url value="https://eyematics.org/fhir/eyematics-kds/ValueSet/Normal-Abnormal"/>
  <version value="2025.0.0-alpha"/>
  <name value="VS_Normal_Abnormal"/>
  <title value="Normal Abnormal"/>
  <status value="draft"/>
  <experimental value="true"/>
  <date value="2025-10-16"/>
  <publisher value="Medizininformatik-Initiative"/>
  <contact>
    <name value="Medizininformatik-Initiative"/>
    <telecom>
      <system value="url"/>
      <value value="https://www.medizininformatik-initiative.de"/>
    </telecom>
  </contact>
  <description value="ValueSet containing codes that indicate the normality status of a clinical finding or condition. It includes codes from system Snomed CT where concept descendant-of $SCT#276800000 (Normality findings (qualifier value))."/>
  <jurisdiction>
    <coding>
      <system value="http://unstats.un.org/unsd/methods/m49/m49.htm"/>
      <code value="276"/>
    </coding>
  </jurisdiction>
  <compose>
    <include>
      <system value="http://snomed.info/sct"/>
      <concept>
        <code value="263654008"/>
        <display value="Abnormal (qualifier value)"/>
      </concept>
      <concept>
        <code value="43261007"/>
        <display value="Abnormal presence of (qualifier value)"/>
      </concept>
      <concept>
        <code value="371879000"/>
        <display value="Abnormally high (qualifier value)"/>
      </concept>
      <concept>
        <code value="371880002"/>
        <display value="Abnormally low (qualifier value)"/>
      </concept>
      <concept>
        <code value="260377000"/>
        <display value="Exaggerated (qualifier value)"/>
      </concept>
      <concept>
        <code value="1340204007"/>
        <display value="Slightly abnormal (qualifier value)"/>
      </concept>
      <concept>
        <code value="371932001"/>
        <display value="Borderline normal (qualifier value)"/>
      </concept>
      <concept>
        <code value="17621005"/>
        <display value="Normal (qualifier value)"/>
      </concept>
      <concept>
        <code value="371934000"/>
        <display value="Normality undetermined (qualifier value)"/>
      </concept>
      <concept>
        <code value="264909001"/>
        <display value="Post-receptor abnormality (qualifier value)"/>
      </concept>
      <concept>
        <code value="394845008"/>
        <display value="Potentially abnormal (qualifier value)"/>
      </concept>
      <concept>
        <code value="264914002"/>
        <display value="Receptor abnormality (qualifier value)"/>
      </concept>
      <concept>
        <code value="264916000"/>
        <display value="Receptor defective (qualifier value)"/>
      </concept>
      <concept>
        <code value="40885006"/>
        <display value="Variant (qualifier value)"/>
      </concept>
    </include>
  </compose>
</ValueSet>