{
  "resourceType" : "ValueSet",
  "id" : "va-methods",
  "text" : {
    "status" : "generated",
    "div" : "<div xmlns=\"http://www.w3.org/1999/xhtml\"><p class=\"res-header-id\"><b>Generated Narrative: ValueSet va-methods</b></p><a name=\"va-methods\"> </a><a name=\"hcva-methods\"> </a><ul><li>Include these codes as defined in <a href=\"http://www.snomed.org/\"><code>http://snomed.info/sct</code></a><span title=\"Version is not explicity stated. No matching Code System found\"> version Not Stated (use latest from terminology server)</span><table class=\"none\"><tr><td style=\"white-space:nowrap\"><b>Code</b></td><td><b>Display</b></td></tr><tr><td><a href=\"http://snomed.info/id/416307006\">416307006</a></td><td>Laser inferometer for potential acuity testing (physical object)</td></tr><tr><td><a href=\"http://snomed.info/id/418570001\">418570001</a></td><td>Accommodative rule (physical object)</td></tr></table></li></ul></div>"
  },
  "url" : "https://eyematics.org/fhir/eyematics-kds/ValueSet/va-methods",
  "version" : "2025.0.0-alpha",
  "name" : "VS_VA_Methods",
  "title" : "VA Methods",
  "status" : "draft",
  "experimental" : true,
  "date" : "2025-02-18",
  "publisher" : "Medizininformatik-Initiative",
  "contact" : [{
    "name" : "Medizininformatik-Initiative",
    "telecom" : [{
      "system" : "url",
      "value" : "https://www.medizininformatik-initiative.de"
    }]
  }],
  "description" : "Describes the various charts that can be used to assess visual acuity where concept descends from 400912000 (Visual acuity test equipment (physical object)).",
  "jurisdiction" : [{
    "coding" : [{
      "system" : "http://unstats.un.org/unsd/methods/m49/m49.htm",
      "code" : "276"
    }]
  }],
  "compose" : {
    "include" : [{
      "system" : "http://snomed.info/sct",
      "concept" : [{
        "code" : "416307006",
        "display" : "Laser inferometer for potential acuity testing (physical object)"
      },
      {
        "code" : "418570001",
        "display" : "Accommodative rule (physical object)"
      }]
    }]
  }
}