<?xml version="1.0" encoding="UTF-8"?>

<ValueSet xmlns="http://hl7.org/fhir">
  <id value="SUNCells"/>
  <text>
    <status value="generated"/><div xmlns="http://www.w3.org/1999/xhtml"><p class="res-header-id"><b>Generated Narrative: ValueSet SUNCells</b></p><a name="SUNCells"> </a><a name="hcSUNCells"> </a><p>This value set includes codes based on the following rules:</p><ul><li>Import all the codes that are contained in <a href="ValueSet-SUNFlare.html">SUN Flare</a></li><li>Include all codes defined in <a href="CodeSystem-sun-grades.html"><code>https://eyematics.org/fhir/eyematics-kds/CodeSystem/sun-grades</code></a><span title="Version is not explicitly stated, which means it is fixed to the version provided in this specification"> version &#x1F4E6;2025.0.0-alpha</span></li></ul></div>
  </text>
  <url value="https://eyematics.org/fhir/eyematics-kds/ValueSet/SUNCells"/>
  <version value="2025.0.0-alpha"/>
  <name value="VS_SUN_Cells"/>
  <title value="SUN Cells"/>
  <status value="draft"/>
  <experimental value="true"/>
  <date value="2025-03-12"/>
  <publisher value="Medizininformatik-Initiative"/>
  <contact>
    <name value="Medizininformatik-Initiative"/>
    <telecom>
      <system value="url"/>
      <value value="https://www.medizininformatik-initiative.de"/>
    </telecom>
  </contact>
  <description value="ValueSet of the allowed values for the Standardization of uveitis nomenclature (SUN) for Anterior Chamber Cells."/>
  <jurisdiction>
    <coding>
      <system value="http://unstats.un.org/unsd/methods/m49/m49.htm"/>
      <code value="276"/>
    </coding>
  </jurisdiction>
  <compose>
    <include>
      <valueSet value="https://eyematics.org/fhir/eyematics-kds/ValueSet/SUNFlare"/>
    </include>
    <include>
      <system value="https://eyematics.org/fhir/eyematics-kds/CodeSystem/sun-grades"/>
    </include>
  </compose>
</ValueSet>