{
  "resourceType" : "ValueSet",
  "id" : "SUNFlare",
  "text" : {
    "status" : "generated",
    "div" : "<div xmlns=\"http://www.w3.org/1999/xhtml\"><p class=\"res-header-id\"><b>Generated Narrative: ValueSet SUNFlare</b></p><a name=\"SUNFlare\"> </a><a name=\"hcSUNFlare\"> </a><ul><li>Include these codes as defined in <a href=\"http://www.snomed.org/\"><code>http://snomed.info/sct</code></a><span title=\"Version is not explicity stated. No matching Code System found\"> version Not Stated (use latest from terminology server)</span><table class=\"none\"><tr><td style=\"white-space:nowrap\"><b>Code</b></td><td><b>Display</b></td></tr><tr><td><a href=\"http://snomed.info/id/2667000\">2667000</a></td><td>Absent (qualifier value)</td></tr><tr><td><a href=\"http://snomed.info/id/260347006\">260347006</a></td><td>Present + out of ++++ (qualifier value)</td></tr><tr><td><a href=\"http://snomed.info/id/260348001\">260348001</a></td><td>Present ++ out of ++++ (qualifier value)</td></tr><tr><td><a href=\"http://snomed.info/id/260349009\">260349009</a></td><td>Present +++ out of ++++ (qualifier value)</td></tr><tr><td><a href=\"http://snomed.info/id/260350009\">260350009</a></td><td>Present ++++ out of ++++ (qualifier value)</td></tr></table></li></ul></div>"
  },
  "url" : "https://eyematics.org/fhir/eyematics-kds/ValueSet/SUNFlare",
  "version" : "2025.0.0-alpha",
  "name" : "VS_SUN_Flare",
  "title" : "SUN Flare",
  "status" : "draft",
  "experimental" : true,
  "date" : "2025-03-12",
  "publisher" : "Medizininformatik-Initiative",
  "contact" : [{
    "name" : "Medizininformatik-Initiative",
    "telecom" : [{
      "system" : "url",
      "value" : "https://www.medizininformatik-initiative.de"
    }]
  }],
  "description" : "ValueSet of the allowed values for the Standardization of uveitis nomenclature (SUN) for Anterior Chamber Flare.",
  "jurisdiction" : [{
    "coding" : [{
      "system" : "http://unstats.un.org/unsd/methods/m49/m49.htm",
      "code" : "276"
    }]
  }],
  "compose" : {
    "include" : [{
      "system" : "http://snomed.info/sct",
      "concept" : [{
        "code" : "2667000",
        "display" : "Absent (qualifier value)"
      },
      {
        "code" : "260347006",
        "display" : "Present + out of ++++ (qualifier value)"
      },
      {
        "code" : "260348001",
        "display" : "Present ++ out of ++++ (qualifier value)"
      },
      {
        "code" : "260349009",
        "display" : "Present +++ out of ++++ (qualifier value)"
      },
      {
        "code" : "260350009",
        "display" : "Present ++++ out of ++++ (qualifier value)"
      }]
    }]
  }
}