<?xml version="1.0" encoding="UTF-8"?>

<ValueSet xmlns="http://hl7.org/fhir">
  <id value="va-quantity-units"/>
  <text>
    <status value="generated"/><div xmlns="http://www.w3.org/1999/xhtml"><p class="res-header-id"><b>Generated Narrative: ValueSet va-quantity-units</b></p><a name="va-quantity-units"> </a><a name="hcva-quantity-units"> </a><ul><li>Include all codes defined in <a href="CodeSystem-vs-units.html"><code>https://eyematics.org/fhir/eyematics-kds/CodeSystem/vs-units</code></a><span title="Version is not explicitly stated, which means it is fixed to the version provided in this specification"> version &#x1F4E6;2025.0.0-alpha</span></li></ul></div>
  </text>
  <url value="https://eyematics.org/fhir/eyematics-kds/ValueSet/va-quantity-units"/>
  <version value="2025.0.0-alpha"/>
  <name value="VS_VA_Quantity_Units"/>
  <title value="Visual Acuity Units"/>
  <status value="draft"/>
  <experimental value="true"/>
  <date value="2025-02-26"/>
  <publisher value="Medizininformatik-Initiative"/>
  <contact>
    <name value="Medizininformatik-Initiative"/>
    <telecom>
      <system value="url"/>
      <value value="https://www.medizininformatik-initiative.de"/>
    </telecom>
  </contact>
  <description value="ValueSet representing the units of measurement used in visual acuity assessments."/>
  <jurisdiction>
    <coding>
      <system value="http://unstats.un.org/unsd/methods/m49/m49.htm"/>
      <code value="276"/>
    </coding>
  </jurisdiction>
  <compose>
    <include>
      <system value="https://eyematics.org/fhir/eyematics-kds/CodeSystem/vs-units"/>
    </include>
  </compose>
</ValueSet>