{
  "resourceType" : "ValueSet",
  "id" : "IVITeatmentRegimen",
  "text" : {
    "status" : "generated",
    "div" : "<div xmlns=\"http://www.w3.org/1999/xhtml\"><p class=\"res-header-id\"><b>Generated Narrative: ValueSet IVITeatmentRegimen</b></p><a name=\"IVITeatmentRegimen\"> </a><a name=\"hcIVITeatmentRegimen\"> </a><ul><li>Include all codes defined in <a href=\"CodeSystem-ivi-treatment-regimen.html\"><code>https://eyematics.org/fhir/eyematics-kds/CodeSystem/ivi-treatment-regimen</code></a> version <span title=\"Version is not explicitly stated, which means it is fixed to the version provided in this specification\">&#x1F4E6;2025.0.0-alpha</span></li></ul></div>"
  },
  "url" : "https://eyematics.org/fhir/eyematics-kds/ValueSet/IVITeatmentRegimen",
  "version" : "2025.0.0-alpha",
  "name" : "VS_IVI_TreatmentRegimen",
  "title" : "IVI Treatment Regimen",
  "status" : "draft",
  "experimental" : true,
  "date" : "2025-03-12",
  "publisher" : "Medizininformatik-Initiative",
  "contact" : [{
    "name" : "Medizininformatik-Initiative",
    "telecom" : [{
      "system" : "url",
      "value" : "https://www.medizininformatik-initiative.de"
    }]
  }],
  "description" : "ValueSet of the IVI Treatment Regimen/Protocol",
  "jurisdiction" : [{
    "coding" : [{
      "system" : "http://unstats.un.org/unsd/methods/m49/m49.htm",
      "code" : "276"
    }]
  }],
  "compose" : {
    "include" : [{
      "system" : "https://eyematics.org/fhir/eyematics-kds/CodeSystem/ivi-treatment-regimen"
    }]
  }
}