{
  "resourceType" : "ValueSet",
  "id" : "SUNCells",
  "text" : {
    "status" : "generated",
    "div" : "<div xmlns=\"http://www.w3.org/1999/xhtml\"><p class=\"res-header-id\"><b>Generated Narrative: ValueSet SUNCells</b></p><a name=\"SUNCells\"> </a><a name=\"hcSUNCells\"> </a><p>This value set includes codes based on the following rules:</p><ul><li>Import all the codes that are contained in <a href=\"ValueSet-SUNFlare.html\">SUN Flare</a></li><li>Include all codes defined in <a href=\"CodeSystem-sun-grades.html\"><code>https://eyematics.org/fhir/eyematics-kds/CodeSystem/sun-grades</code></a><span title=\"Version is not explicitly stated, which means it is fixed to the version provided in this specification\"> version &#x1F4E6;2025.0.0-alpha</span></li></ul></div>"
  },
  "url" : "https://eyematics.org/fhir/eyematics-kds/ValueSet/SUNCells",
  "version" : "2025.0.0-alpha",
  "name" : "VS_SUN_Cells",
  "title" : "SUN Cells",
  "status" : "draft",
  "experimental" : true,
  "date" : "2025-03-12",
  "publisher" : "Medizininformatik-Initiative",
  "contact" : [{
    "name" : "Medizininformatik-Initiative",
    "telecom" : [{
      "system" : "url",
      "value" : "https://www.medizininformatik-initiative.de"
    }]
  }],
  "description" : "ValueSet of the allowed values for the Standardization of uveitis nomenclature (SUN) for Anterior Chamber Cells.",
  "jurisdiction" : [{
    "coding" : [{
      "system" : "http://unstats.un.org/unsd/methods/m49/m49.htm",
      "code" : "276"
    }]
  }],
  "compose" : {
    "include" : [{
      "valueSet" : ["https://eyematics.org/fhir/eyematics-kds/ValueSet/SUNFlare"]
    },
    {
      "system" : "https://eyematics.org/fhir/eyematics-kds/CodeSystem/sun-grades"
    }]
  }
}