{
  "resourceType" : "ValueSet",
  "id" : "ivom-medication",
  "text" : {
    "status" : "generated",
    "div" : "<div xmlns=\"http://www.w3.org/1999/xhtml\"><p class=\"res-header-id\"><b>Generated Narrative: ValueSet ivom-medication</b></p><a name=\"ivom-medication\"> </a><a name=\"hcivom-medication\"> </a><ul><li>Include these codes as defined in <a href=\"https://simplifier.net/resolve?scope=de.medizininformatikinitiative.kerndatensatz.medikation@2025.0.0&amp;canonical=http://fhir.de/CodeSystem/bfarm/atc\"><code>http://fhir.de/CodeSystem/bfarm/atc</code></a> version <span title=\"Version is not explicity stated. No matching Code System found\">Not Stated (use latest from terminology server)</span><table class=\"none\"><tr><td style=\"white-space:nowrap\"><b>Code</b></td><td><b>Display</b></td></tr><tr><td>S01LA05</td><td>Aflibercept</td></tr><tr><td>L01FG01</td><td>Bevacizumab</td></tr><tr><td>S01LA06</td><td>Brolucizumab</td></tr><tr><td>S01LA09</td><td>Faricimab</td></tr><tr><td>S01LA04</td><td>Ranibizumab</td></tr><tr><td>S01BA01</td><td>Dexamethason</td></tr><tr><td>S01XA22</td><td>Ocriplasmin</td></tr></table></li></ul></div>"
  },
  "url" : "https://eyematics.org/fhir/eyematics-kds/ValueSet/ivom-medication",
  "version" : "2025.0.0-alpha",
  "name" : "VS_IVOM_Medication",
  "title" : "IVOM Medication",
  "status" : "draft",
  "experimental" : true,
  "date" : "2025-04-17",
  "publisher" : "Medizininformatik-Initiative",
  "contact" : [{
    "name" : "Medizininformatik-Initiative",
    "telecom" : [{
      "system" : "url",
      "value" : "https://www.medizininformatik-initiative.de"
    }]
  }],
  "description" : "ValueSet representing various optotypes used in visual acuity testing.",
  "jurisdiction" : [{
    "coding" : [{
      "system" : "http://unstats.un.org/unsd/methods/m49/m49.htm",
      "code" : "276"
    }]
  }],
  "compose" : {
    "include" : [{
      "system" : "http://fhir.de/CodeSystem/bfarm/atc",
      "concept" : [{
        "code" : "S01LA05",
        "display" : "Aflibercept"
      },
      {
        "code" : "L01FG01",
        "display" : "Bevacizumab"
      },
      {
        "code" : "S01LA06",
        "display" : "Brolucizumab"
      },
      {
        "code" : "S01LA09",
        "display" : "Faricimab"
      },
      {
        "code" : "S01LA04",
        "display" : "Ranibizumab"
      },
      {
        "code" : "S01BA01",
        "display" : "Dexamethason"
      },
      {
        "code" : "S01XA22",
        "display" : "Ocriplasmin"
      }]
    }]
  }
}