{
  "resourceType" : "ValueSet",
  "id" : "Present-Absent",
  "text" : {
    "status" : "generated",
    "div" : "<div xmlns=\"http://www.w3.org/1999/xhtml\"><p class=\"res-header-id\"><b>Generated Narrative: ValueSet Present-Absent</b></p><a name=\"Present-Absent\"> </a><a name=\"hcPresent-Absent\"> </a><ul><li>Include these codes as defined in <a href=\"http://www.snomed.org/\"><code>http://snomed.info/sct</code></a><span title=\"Version is not explicity stated. No matching Code System found\"> version Not Stated (use latest from terminology server)</span><table class=\"none\"><tr><td style=\"white-space:nowrap\"><b>Code</b></td><td><b>Display</b></td></tr><tr><td><a href=\"http://snomed.info/id/52101004\">52101004</a></td><td>Present (qualifier value)</td></tr><tr><td><a href=\"http://snomed.info/id/2667000\">2667000</a></td><td>Absent (qualifier value)</td></tr><tr><td><a href=\"http://snomed.info/id/261665006\">261665006</a></td><td>Unknown (qualifier value)</td></tr></table></li></ul></div>"
  },
  "url" : "https://eyematics.org/fhir/eyematics-kds/ValueSet/Present-Absent",
  "version" : "2025.0.0-alpha",
  "name" : "VS_Present_Absent",
  "title" : "Present Absent",
  "status" : "draft",
  "experimental" : true,
  "date" : "2025-04-01",
  "publisher" : "Medizininformatik-Initiative",
  "contact" : [{
    "name" : "Medizininformatik-Initiative",
    "telecom" : [{
      "system" : "url",
      "value" : "https://www.medizininformatik-initiative.de"
    }]
  }],
  "description" : "ValueSet containing codes that indicate the presence, absence, or unknown status of a clinical finding or condition.",
  "jurisdiction" : [{
    "coding" : [{
      "system" : "http://unstats.un.org/unsd/methods/m49/m49.htm",
      "code" : "276"
    }]
  }],
  "compose" : {
    "include" : [{
      "system" : "http://snomed.info/sct",
      "concept" : [{
        "code" : "52101004",
        "display" : "Present (qualifier value)"
      },
      {
        "code" : "2667000",
        "display" : "Absent (qualifier value)"
      },
      {
        "code" : "261665006",
        "display" : "Unknown (qualifier value)"
      }]
    }]
  }
}