<?xml version="1.0" encoding="UTF-8"?>

<ValueSet xmlns="http://hl7.org/fhir">
  <id value="ivom-medication"/>
  <text>
    <status value="generated"/><div xmlns="http://www.w3.org/1999/xhtml"><p class="res-header-id"><b>Generated Narrative: ValueSet ivom-medication</b></p><a name="ivom-medication"> </a><a name="hcivom-medication"> </a><ul><li>Include these codes as defined in <a href="https://simplifier.net/resolve?scope=de.medizininformatikinitiative.kerndatensatz.medikation@2025.0.0&amp;canonical=http://fhir.de/CodeSystem/bfarm/atc"><code>http://fhir.de/CodeSystem/bfarm/atc</code></a> version <span title="Version is not explicity stated. No matching Code System found">Not Stated (use latest from terminology server)</span><table class="none"><tr><td style="white-space:nowrap"><b>Code</b></td><td><b>Display</b></td></tr><tr><td>S01LA05</td><td>Aflibercept</td></tr><tr><td>L01FG01</td><td>Bevacizumab</td></tr><tr><td>S01LA06</td><td>Brolucizumab</td></tr><tr><td>S01LA09</td><td>Faricimab</td></tr><tr><td>S01LA04</td><td>Ranibizumab</td></tr><tr><td>S01BA01</td><td>Dexamethason</td></tr><tr><td>S01XA22</td><td>Ocriplasmin</td></tr></table></li></ul></div>
  </text>
  <url value="https://eyematics.org/fhir/eyematics-kds/ValueSet/ivom-medication"/>
  <version value="2025.0.0-alpha"/>
  <name value="VS_IVOM_Medication"/>
  <title value="IVOM Medication"/>
  <status value="draft"/>
  <experimental value="true"/>
  <date value="2025-04-17"/>
  <publisher value="Medizininformatik-Initiative"/>
  <contact>
    <name value="Medizininformatik-Initiative"/>
    <telecom>
      <system value="url"/>
      <value value="https://www.medizininformatik-initiative.de"/>
    </telecom>
  </contact>
  <description value="ValueSet representing various optotypes used in visual acuity testing."/>
  <jurisdiction>
    <coding>
      <system value="http://unstats.un.org/unsd/methods/m49/m49.htm"/>
      <code value="276"/>
    </coding>
  </jurisdiction>
  <compose>
    <include>
      <system value="http://fhir.de/CodeSystem/bfarm/atc"/>
      <concept>
        <code value="S01LA05"/>
        <display value="Aflibercept"/>
      </concept>
      <concept>
        <code value="L01FG01"/>
        <display value="Bevacizumab"/>
      </concept>
      <concept>
        <code value="S01LA06"/>
        <display value="Brolucizumab"/>
      </concept>
      <concept>
        <code value="S01LA09"/>
        <display value="Faricimab"/>
      </concept>
      <concept>
        <code value="S01LA04"/>
        <display value="Ranibizumab"/>
      </concept>
      <concept>
        <code value="S01BA01"/>
        <display value="Dexamethason"/>
      </concept>
      <concept>
        <code value="S01XA22"/>
        <display value="Ocriplasmin"/>
      </concept>
    </include>
  </compose>
</ValueSet>