<?xml version="1.0" encoding="UTF-8"?>

<ValueSet xmlns="http://hl7.org/fhir">
  <id value="imaging-methods"/>
  <text>
    <status value="generated"/><div xmlns="http://www.w3.org/1999/xhtml"><p class="res-header-id"><b>Generated Narrative: ValueSet imaging-methods</b></p><a name="imaging-methods"> </a><a name="hcimaging-methods"> </a><ul><li>Include these codes as defined in <a href="http://www.snomed.org/"><code>http://snomed.info/sct</code></a><span title="Version is not explicity stated. No matching Code System found"> version Not Stated (use latest from terminology server)</span><table class="none"><tr><td style="white-space:nowrap"><b>Code</b></td><td><b>Display</b></td></tr><tr><td><a href="http://snomed.info/id/172581008">172581008</a></td><td>Angiography of eye using fluorescein (procedure)</td></tr><tr><td><a href="http://snomed.info/id/785666002">785666002</a></td><td>Indocyanine green angiography of eye (procedure)</td></tr><tr><td><a href="http://snomed.info/id/700070005">700070005</a></td><td>Optical coherence tomography of retina (procedure)</td></tr></table></li></ul></div>
  </text>
  <url value="https://eyematics.org/fhir/eyematics-kds/ValueSet/imaging-methods"/>
  <version value="2025.0.0-alpha"/>
  <name value="VS_Imaging_Methods"/>
  <title value="Imaging Methods"/>
  <status value="draft"/>
  <experimental value="true"/>
  <date value="2025-01-15"/>
  <publisher value="Medizininformatik-Initiative"/>
  <contact>
    <name value="Medizininformatik-Initiative"/>
    <telecom>
      <system value="url"/>
      <value value="https://www.medizininformatik-initiative.de"/>
    </telecom>
  </contact>
  <description value="ValueSet containing standardized imaging procedures used in ophthalmology."/>
  <jurisdiction>
    <coding>
      <system value="http://unstats.un.org/unsd/methods/m49/m49.htm"/>
      <code value="276"/>
    </coding>
  </jurisdiction>
  <compose>
    <include>
      <system value="http://snomed.info/sct"/>
      <concept>
        <code value="172581008"/>
        <display value="Angiography of eye using fluorescein (procedure)"/>
      </concept>
      <concept>
        <code value="785666002"/>
        <display value="Indocyanine green angiography of eye (procedure)"/>
      </concept>
      <concept>
        <code value="700070005"/>
        <display value="Optical coherence tomography of retina (procedure)"/>
      </concept>
    </include>
  </compose>
</ValueSet>